ordinal,output_field,group,chain_family,source_kind,source,operations,policies
1,demoRunId,core,core,path,$.run.campaignId,required,required
2,sequence,core,core,path,$.run.sequence,cast,
3,eventId,core,core,path,$.event.id,required|validate,required|validate
4,orderId,core,core,path,$.order.id,required,required
5,customerTier,core,core,path,$.customer.tier,case_convert,
6,normalizedStatus,core,core,path,$.order.status,lookup,
7,orderAmountDouble,core,core,path,$.order.amount,cast,
8,amountRounded,core,core,path,$.order.amount,cast|decimalScale|decimalScalePolicy,
9,eventTypeUpper,core,core,path,$.event.type,case_convert,
10,eventTypeLower,core,core,path,$.event.type,case_convert,
11,receivedAt,core,core,path,$.event.ts,cast,
12,region,core,core,path,$.tenant.missingRegion,fallback,
13,runtimeConstant,core,core,constant,flowplane-http-grpc-benchmark,,
14,customerLabel,core,core,path,$.customer.id,template,
15,labelParts,core,core,path,$.packet.labels,split,
16,normalizedMessage,core,core,path,$.packet.message,normalize_string,
17,loadPlusTen,core,core,arithmetic,"""$.metrics.load + 10""",,
18,hugeIntClamped,core,core,path,$.metrics.huge,cast|onOverflow,onOverflow
19,badIntDefault,core,core,path,$.metrics.badInt,cast|onTypeMismatch|default,onTypeMismatch|default
20,customerEmailMasked,core,core,path,$.customer.email,mask,
21,customerSsnHashed,core,core,path,$.customer.ssn,hash,
22,traceHash,core,core,path,$.event.trace,hash,
23,mappingSchemaVersion,core,core,path,$.benchmark.mappingSchemaVersion,,
24,signalNames,core,core,path,$.signals[*].name,array_mode|delimiter,
25,signalCount,core,core,path,$.signals[*],array_mode,
26,firstHotSignal,core,core,path,$.signals[?(@.value >= 70)].name,array_mode,
27,filterFirstSignal,core,core,path,$.signals[*].name,array_mode,
28,temperature,core,core,path,$.metrics.tempC,round,
29,online,core,core,path,$.metrics.online,cast,
30,currencyLabel,core,core,path,$.order.currency,template,
31,riskBand,core,core,path,$.customer.risk,lookup,
32,defaultedValue,core,core,path,$.packet.missingValue,default,default
33,metadataTenant,core,core,metadata,tenant,,
34,headerSource,core,core,header,source,,
35,loadAsInt,core,core,path,$.metrics.load,cast,
36,loadAsLong,core,core,path,$.metrics.load,cast,
37,jsonObject,core,core,path,$.packet.jsonObjectText,cast,
38,jsonArray,core,core,path,$.packet.jsonArrayText,cast,
39,businessDate,core,core,path,$.packet.businessDate,cast|date_format,
40,shipTime,core,core,path,$.packet.shipTime,cast|date_format,
41,regexMatched,core,core,path,$.order.id,regex_match,
42,regexExtracted,core,core,path,$.customer.email,regex_extract|sensitive,
43,regexReplaced,core,core,path,$.customer.ssn,regex_replace|replacement|sensitive,
44,sensitiveEmail,core,core,path,$.customer.email,sensitive,
45,redactedSsn,core,core,path,$.customer.ssn,redact|sensitive,
46,lastSignal,core,core,path,$.signals[*].name,array_mode,
47,onlySignal,core,core,path,$.singleSignals[*].name,array_mode,
48,indexedSignal,core,core,path,$.signals[*].name,array_mode|array_index,
49,collectedSignals,core,core,path,$.signals[*].name,array_mode,
50,filteredSignals,core,core,path,$.signals[?(@.value >= 70)].name,array_mode,
51,flattenedSignals,core,core,path,$.signals[*].name,flatten,
52,distinctSignalCategories,core,core,path,$.signals[*].category,distinct,
53,signalValueSum,core,core,path,$.signals[*].value,aggregate,
54,signalValueMin,core,core,path,$.signals[*].value,aggregate,
55,signalValueMax,core,core,path,$.signals[*].value,aggregate,
56,signalValueCount,core,core,path,$.signals[*].value,aggregate,
57,mappedHotSignals,core,core,path,$.signals[*],filter|map,
58,arithmeticExpression,core,core,derived,,expression|round,
59,booleanExpression,core,core,derived,,expression,
60,policyPrefix,core,core,path,$.packet.policyNumber,substring,
61,objectProjection,core,core,derived,,object,
62,mergedContext,core,core,derived,,merge,
63,coalescedValue,core,core,valueExpr,,,
64,caseValue,core,core,valueExpr,,,
65,lookupExpression,core,core,valueExpr,,,
66,functionConcat,core,core,valueExpr,,,
67,functionUpper,core,core,valueExpr,,,
68,functionLower,core,core,valueExpr,,,
69,functionTrim,core,core,valueExpr,,,
70,functionSubstring,core,core,valueExpr,,,
71,functionSplit,core,core,valueExpr,,,
72,functionRound,core,core,valueExpr,,,
73,functionHash,core,core,valueExpr,,,
74,missingAsNull,core,core,path,$.packet.notPresent,onMissing,
75,itemsAsJson,core,core,path,$.signals,onArray,
76,customerAsJson,core,core,path,$.customer,onObject,
77,decimalTruncated,core,core,path,$.order.amount,cast|decimalScale|decimalScalePolicy,
78,wideField0001,hard-wide,chain-0,path,$.wide.field0001,required|normalize_string|case_convert|regex_replace|replacement|template,required
79,wideField0002,hard-wide,chain-1,path,$.wide.field0002,required|normalize_string|case_convert|regex_extract|template,required
80,wideField0003,hard-wide,chain-2,path,$.wide.field0003,required|normalize_string|regex_replace|replacement|substring|template,required
81,wideField0004,hard-wide,chain-3,valueExpr,,normalize_string|case_convert|template,
82,wideField0005,hard-wide,chain-4,valueExpr,,normalize_string|case_convert|regex_replace|replacement,
83,wideField0006,hard-wide,chain-5,path,$.wide.field0006,required|normalize_string|case_convert|regex_match|template,required
84,wideField0007,hard-wide,chain-6,path,$.wide.field0007,required|normalize_string|substring|hash|template,required
85,wideField0008,hard-wide,chain-7,valueExpr,,normalize_string|case_convert|regex_replace|replacement|template,
86,wideField0009,hard-wide,chain-0,path,$.wide.field0009,required|normalize_string|case_convert|regex_replace|replacement|template,required
87,wideField0010,hard-wide,chain-1,path,$.wide.field0010,required|normalize_string|case_convert|regex_extract|template,required
88,wideField0011,hard-wide,chain-2,path,$.wide.field0011,required|normalize_string|regex_replace|replacement|substring|template,required
89,wideField0012,hard-wide,chain-3,valueExpr,,normalize_string|case_convert|template,
90,wideField0013,hard-wide,chain-4,valueExpr,,normalize_string|case_convert|regex_replace|replacement,
91,wideField0014,hard-wide,chain-5,path,$.wide.field0014,required|normalize_string|case_convert|regex_match|template,required
92,wideField0015,hard-wide,chain-6,path,$.wide.field0015,required|normalize_string|substring|hash|template,required
93,wideField0016,hard-wide,chain-7,valueExpr,,normalize_string|case_convert|regex_replace|replacement|template,
94,wideField0017,hard-wide,chain-0,path,$.wide.field0017,required|normalize_string|case_convert|regex_replace|replacement|template,required
95,wideField0018,hard-wide,chain-1,path,$.wide.field0018,required|normalize_string|case_convert|regex_extract|template,required
96,wideField0019,hard-wide,chain-2,path,$.wide.field0019,required|normalize_string|regex_replace|replacement|substring|template,required
97,wideField0020,hard-wide,chain-3,valueExpr,,normalize_string|case_convert|template,
98,wideField0021,hard-wide,chain-4,valueExpr,,normalize_string|case_convert|regex_replace|replacement,
99,wideField0022,hard-wide,chain-5,path,$.wide.field0022,required|normalize_string|case_convert|regex_match|template,required
100,wideField0023,hard-wide,chain-6,path,$.wide.field0023,required|normalize_string|substring|hash|template,required
101,wideField0024,hard-wide,chain-7,valueExpr,,normalize_string|case_convert|regex_replace|replacement|template,
102,wideField0025,hard-wide,chain-0,path,$.wide.field0025,required|normalize_string|case_convert|regex_replace|replacement|template,required
103,wideField0026,hard-wide,chain-1,path,$.wide.field0026,required|normalize_string|case_convert|regex_extract|template,required
104,wideField0027,hard-wide,chain-2,path,$.wide.field0027,required|normalize_string|regex_replace|replacement|substring|template,required
105,wideField0028,hard-wide,chain-3,valueExpr,,normalize_string|case_convert|template,
106,wideField0029,hard-wide,chain-4,valueExpr,,normalize_string|case_convert|regex_replace|replacement,
107,wideField0030,hard-wide,chain-5,path,$.wide.field0030,required|normalize_string|case_convert|regex_match|template,required
108,wideField0031,hard-wide,chain-6,path,$.wide.field0031,required|normalize_string|substring|hash|template,required
109,wideField0032,hard-wide,chain-7,valueExpr,,normalize_string|case_convert|regex_replace|replacement|template,
110,wideField0033,hard-wide,chain-0,path,$.wide.field0033,required|normalize_string|case_convert|regex_replace|replacement|template,required
111,wideField0034,hard-wide,chain-1,path,$.wide.field0034,required|normalize_string|case_convert|regex_extract|template,required
112,wideField0035,hard-wide,chain-2,path,$.wide.field0035,required|normalize_string|regex_replace|replacement|substring|template,required
113,wideField0036,hard-wide,chain-3,valueExpr,,normalize_string|case_convert|template,
114,wideField0037,hard-wide,chain-4,valueExpr,,normalize_string|case_convert|regex_replace|replacement,
115,wideField0038,hard-wide,chain-5,path,$.wide.field0038,required|normalize_string|case_convert|regex_match|template,required
116,wideField0039,hard-wide,chain-6,path,$.wide.field0039,required|normalize_string|substring|hash|template,required
117,wideField0040,hard-wide,chain-7,valueExpr,,normalize_string|case_convert|regex_replace|replacement|template,
118,wideField0041,hard-wide,chain-0,path,$.wide.field0041,required|normalize_string|case_convert|regex_replace|replacement|template,required
119,wideField0042,hard-wide,chain-1,path,$.wide.field0042,required|normalize_string|case_convert|regex_extract|template,required
120,wideField0043,hard-wide,chain-2,path,$.wide.field0043,required|normalize_string|regex_replace|replacement|substring|template,required
121,wideField0044,hard-wide,chain-3,valueExpr,,normalize_string|case_convert|template,
122,wideField0045,hard-wide,chain-4,valueExpr,,normalize_string|case_convert|regex_replace|replacement,
123,wideField0046,hard-wide,chain-5,path,$.wide.field0046,required|normalize_string|case_convert|regex_match|template,required
124,wideField0047,hard-wide,chain-6,path,$.wide.field0047,required|normalize_string|substring|hash|template,required
125,wideField0048,hard-wide,chain-7,valueExpr,,normalize_string|case_convert|regex_replace|replacement|template,
126,wideField0049,hard-wide,chain-0,path,$.wide.field0049,required|normalize_string|case_convert|regex_replace|replacement|template,required
127,wideField0050,hard-wide,chain-1,path,$.wide.field0050,required|normalize_string|case_convert|regex_extract|template,required
128,wideField0051,hard-wide,chain-2,path,$.wide.field0051,required|normalize_string|regex_replace|replacement|substring|template,required
129,wideField0052,hard-wide,chain-3,valueExpr,,normalize_string|case_convert|template,
130,wideField0053,hard-wide,chain-4,valueExpr,,normalize_string|case_convert|regex_replace|replacement,
131,wideField0054,hard-wide,chain-5,path,$.wide.field0054,required|normalize_string|case_convert|regex_match|template,required
132,wideField0055,hard-wide,chain-6,path,$.wide.field0055,required|normalize_string|substring|hash|template,required
133,wideField0056,hard-wide,chain-7,valueExpr,,normalize_string|case_convert|regex_replace|replacement|template,
134,wideField0057,hard-wide,chain-0,path,$.wide.field0057,required|normalize_string|case_convert|regex_replace|replacement|template,required
135,wideField0058,hard-wide,chain-1,path,$.wide.field0058,required|normalize_string|case_convert|regex_extract|template,required
136,wideField0059,hard-wide,chain-2,path,$.wide.field0059,required|normalize_string|regex_replace|replacement|substring|template,required
137,wideField0060,hard-wide,chain-3,valueExpr,,normalize_string|case_convert|template,
138,wideField0061,hard-wide,chain-4,valueExpr,,normalize_string|case_convert|regex_replace|replacement,
139,wideField0062,hard-wide,chain-5,path,$.wide.field0062,required|normalize_string|case_convert|regex_match|template,required
140,wideField0063,hard-wide,chain-6,path,$.wide.field0063,required|normalize_string|substring|hash|template,required
141,wideField0064,hard-wide,chain-7,valueExpr,,normalize_string|case_convert|regex_replace|replacement|template,
142,wideField0065,hard-wide,chain-0,path,$.wide.field0065,required|normalize_string|case_convert|regex_replace|replacement|template,required
143,wideField0066,hard-wide,chain-1,path,$.wide.field0066,required|normalize_string|case_convert|regex_extract|template,required
144,wideField0067,hard-wide,chain-2,path,$.wide.field0067,required|normalize_string|regex_replace|replacement|substring|template,required
145,wideField0068,hard-wide,chain-3,valueExpr,,normalize_string|case_convert|template,
146,wideField0069,hard-wide,chain-4,valueExpr,,normalize_string|case_convert|regex_replace|replacement,
147,wideField0070,hard-wide,chain-5,path,$.wide.field0070,required|normalize_string|case_convert|regex_match|template,required
148,wideField0071,hard-wide,chain-6,path,$.wide.field0071,required|normalize_string|substring|hash|template,required
149,wideField0072,hard-wide,chain-7,valueExpr,,normalize_string|case_convert|regex_replace|replacement|template,
150,wideField0073,hard-wide,chain-0,path,$.wide.field0073,required|normalize_string|case_convert|regex_replace|replacement|template,required
151,wideField0074,hard-wide,chain-1,path,$.wide.field0074,required|normalize_string|case_convert|regex_extract|template,required
152,wideField0075,hard-wide,chain-2,path,$.wide.field0075,required|normalize_string|regex_replace|replacement|substring|template,required
153,wideField0076,hard-wide,chain-3,valueExpr,,normalize_string|case_convert|template,
154,wideField0077,hard-wide,chain-4,valueExpr,,normalize_string|case_convert|regex_replace|replacement,
155,wideField0078,hard-wide,chain-5,path,$.wide.field0078,required|normalize_string|case_convert|regex_match|template,required
156,wideField0079,hard-wide,chain-6,path,$.wide.field0079,required|normalize_string|substring|hash|template,required
157,wideField0080,hard-wide,chain-7,valueExpr,,normalize_string|case_convert|regex_replace|replacement|template,
158,wideField0081,hard-wide,chain-0,path,$.wide.field0081,required|normalize_string|case_convert|regex_replace|replacement|template,required
159,wideField0082,hard-wide,chain-1,path,$.wide.field0082,required|normalize_string|case_convert|regex_extract|template,required
160,wideField0083,hard-wide,chain-2,path,$.wide.field0083,required|normalize_string|regex_replace|replacement|substring|template,required
161,wideField0084,hard-wide,chain-3,valueExpr,,normalize_string|case_convert|template,
162,wideField0085,hard-wide,chain-4,valueExpr,,normalize_string|case_convert|regex_replace|replacement,
163,wideField0086,hard-wide,chain-5,path,$.wide.field0086,required|normalize_string|case_convert|regex_match|template,required
164,wideField0087,hard-wide,chain-6,path,$.wide.field0087,required|normalize_string|substring|hash|template,required
165,wideField0088,hard-wide,chain-7,valueExpr,,normalize_string|case_convert|regex_replace|replacement|template,
166,wideField0089,hard-wide,chain-0,path,$.wide.field0089,required|normalize_string|case_convert|regex_replace|replacement|template,required
167,wideField0090,hard-wide,chain-1,path,$.wide.field0090,required|normalize_string|case_convert|regex_extract|template,required
168,wideField0091,hard-wide,chain-2,path,$.wide.field0091,required|normalize_string|regex_replace|replacement|substring|template,required
169,wideField0092,hard-wide,chain-3,valueExpr,,normalize_string|case_convert|template,
170,wideField0093,hard-wide,chain-4,valueExpr,,normalize_string|case_convert|regex_replace|replacement,
171,wideField0094,hard-wide,chain-5,path,$.wide.field0094,required|normalize_string|case_convert|regex_match|template,required
172,wideField0095,hard-wide,chain-6,path,$.wide.field0095,required|normalize_string|substring|hash|template,required
173,wideField0096,hard-wide,chain-7,valueExpr,,normalize_string|case_convert|regex_replace|replacement|template,
174,wideField0097,hard-wide,chain-0,path,$.wide.field0097,required|normalize_string|case_convert|regex_replace|replacement|template,required
175,wideField0098,hard-wide,chain-1,path,$.wide.field0098,required|normalize_string|case_convert|regex_extract|template,required
176,wideField0099,hard-wide,chain-2,path,$.wide.field0099,required|normalize_string|regex_replace|replacement|substring|template,required
177,wideField0100,hard-wide,chain-3,valueExpr,,normalize_string|case_convert|template,
178,wideField0101,hard-wide,chain-4,valueExpr,,normalize_string|case_convert|regex_replace|replacement,
179,wideField0102,hard-wide,chain-5,path,$.wide.field0102,required|normalize_string|case_convert|regex_match|template,required
180,wideField0103,hard-wide,chain-6,path,$.wide.field0103,required|normalize_string|substring|hash|template,required
181,wideField0104,hard-wide,chain-7,valueExpr,,normalize_string|case_convert|regex_replace|replacement|template,
182,wideField0105,hard-wide,chain-0,path,$.wide.field0105,required|normalize_string|case_convert|regex_replace|replacement|template,required
183,wideField0106,hard-wide,chain-1,path,$.wide.field0106,required|normalize_string|case_convert|regex_extract|template,required
184,wideField0107,hard-wide,chain-2,path,$.wide.field0107,required|normalize_string|regex_replace|replacement|substring|template,required
185,wideField0108,hard-wide,chain-3,valueExpr,,normalize_string|case_convert|template,
186,wideField0109,hard-wide,chain-4,valueExpr,,normalize_string|case_convert|regex_replace|replacement,
187,wideField0110,hard-wide,chain-5,path,$.wide.field0110,required|normalize_string|case_convert|regex_match|template,required
188,wideField0111,hard-wide,chain-6,path,$.wide.field0111,required|normalize_string|substring|hash|template,required
189,wideField0112,hard-wide,chain-7,valueExpr,,normalize_string|case_convert|regex_replace|replacement|template,
190,wideField0113,hard-wide,chain-0,path,$.wide.field0113,required|normalize_string|case_convert|regex_replace|replacement|template,required
191,wideField0114,hard-wide,chain-1,path,$.wide.field0114,required|normalize_string|case_convert|regex_extract|template,required
192,wideField0115,hard-wide,chain-2,path,$.wide.field0115,required|normalize_string|regex_replace|replacement|substring|template,required
193,wideField0116,hard-wide,chain-3,valueExpr,,normalize_string|case_convert|template,
194,wideField0117,hard-wide,chain-4,valueExpr,,normalize_string|case_convert|regex_replace|replacement,
195,wideField0118,hard-wide,chain-5,path,$.wide.field0118,required|normalize_string|case_convert|regex_match|template,required
196,wideField0119,hard-wide,chain-6,path,$.wide.field0119,required|normalize_string|substring|hash|template,required
197,wideField0120,hard-wide,chain-7,valueExpr,,normalize_string|case_convert|regex_replace|replacement|template,
198,wideField0121,hard-wide,chain-0,path,$.wide.field0121,required|normalize_string|case_convert|regex_replace|replacement|template,required
199,wideField0122,hard-wide,chain-1,path,$.wide.field0122,required|normalize_string|case_convert|regex_extract|template,required
200,wideField0123,hard-wide,chain-2,path,$.wide.field0123,required|normalize_string|regex_replace|replacement|substring|template,required
201,wideField0124,hard-wide,chain-3,valueExpr,,normalize_string|case_convert|template,
202,wideField0125,hard-wide,chain-4,valueExpr,,normalize_string|case_convert|regex_replace|replacement,
203,wideField0126,hard-wide,chain-5,path,$.wide.field0126,required|normalize_string|case_convert|regex_match|template,required
204,wideField0127,hard-wide,chain-6,path,$.wide.field0127,required|normalize_string|substring|hash|template,required
205,wideField0128,hard-wide,chain-7,valueExpr,,normalize_string|case_convert|regex_replace|replacement|template,
206,wideField0129,hard-wide,chain-0,path,$.wide.field0129,required|normalize_string|case_convert|regex_replace|replacement|template,required
207,wideField0130,hard-wide,chain-1,path,$.wide.field0130,required|normalize_string|case_convert|regex_extract|template,required
208,wideField0131,hard-wide,chain-2,path,$.wide.field0131,required|normalize_string|regex_replace|replacement|substring|template,required
209,wideField0132,hard-wide,chain-3,valueExpr,,normalize_string|case_convert|template,
210,wideField0133,hard-wide,chain-4,valueExpr,,normalize_string|case_convert|regex_replace|replacement,
211,wideField0134,hard-wide,chain-5,path,$.wide.field0134,required|normalize_string|case_convert|regex_match|template,required
212,wideField0135,hard-wide,chain-6,path,$.wide.field0135,required|normalize_string|substring|hash|template,required
213,wideField0136,hard-wide,chain-7,valueExpr,,normalize_string|case_convert|regex_replace|replacement|template,
214,wideField0137,hard-wide,chain-0,path,$.wide.field0137,required|normalize_string|case_convert|regex_replace|replacement|template,required
215,wideField0138,hard-wide,chain-1,path,$.wide.field0138,required|normalize_string|case_convert|regex_extract|template,required
216,wideField0139,hard-wide,chain-2,path,$.wide.field0139,required|normalize_string|regex_replace|replacement|substring|template,required
217,wideField0140,hard-wide,chain-3,valueExpr,,normalize_string|case_convert|template,
218,wideField0141,hard-wide,chain-4,valueExpr,,normalize_string|case_convert|regex_replace|replacement,
219,wideField0142,hard-wide,chain-5,path,$.wide.field0142,required|normalize_string|case_convert|regex_match|template,required
220,wideField0143,hard-wide,chain-6,path,$.wide.field0143,required|normalize_string|substring|hash|template,required
221,wideField0144,hard-wide,chain-7,valueExpr,,normalize_string|case_convert|regex_replace|replacement|template,
222,wideField0145,hard-wide,chain-0,path,$.wide.field0145,required|normalize_string|case_convert|regex_replace|replacement|template,required
223,wideField0146,hard-wide,chain-1,path,$.wide.field0146,required|normalize_string|case_convert|regex_extract|template,required
224,wideField0147,hard-wide,chain-2,path,$.wide.field0147,required|normalize_string|regex_replace|replacement|substring|template,required
225,wideField0148,hard-wide,chain-3,valueExpr,,normalize_string|case_convert|template,
226,wideField0149,hard-wide,chain-4,valueExpr,,normalize_string|case_convert|regex_replace|replacement,
227,wideField0150,hard-wide,chain-5,path,$.wide.field0150,required|normalize_string|case_convert|regex_match|template,required
228,wideField0151,hard-wide,chain-6,path,$.wide.field0151,required|normalize_string|substring|hash|template,required
229,wideField0152,hard-wide,chain-7,valueExpr,,normalize_string|case_convert|regex_replace|replacement|template,
230,wideField0153,hard-wide,chain-0,path,$.wide.field0153,required|normalize_string|case_convert|regex_replace|replacement|template,required
231,wideField0154,hard-wide,chain-1,path,$.wide.field0154,required|normalize_string|case_convert|regex_extract|template,required
232,wideField0155,hard-wide,chain-2,path,$.wide.field0155,required|normalize_string|regex_replace|replacement|substring|template,required
233,wideField0156,hard-wide,chain-3,valueExpr,,normalize_string|case_convert|template,
234,wideField0157,hard-wide,chain-4,valueExpr,,normalize_string|case_convert|regex_replace|replacement,
235,wideField0158,hard-wide,chain-5,path,$.wide.field0158,required|normalize_string|case_convert|regex_match|template,required
236,wideField0159,hard-wide,chain-6,path,$.wide.field0159,required|normalize_string|substring|hash|template,required
237,wideField0160,hard-wide,chain-7,valueExpr,,normalize_string|case_convert|regex_replace|replacement|template,
238,wideField0161,hard-wide,chain-0,path,$.wide.field0161,required|normalize_string|case_convert|regex_replace|replacement|template,required
239,wideField0162,hard-wide,chain-1,path,$.wide.field0162,required|normalize_string|case_convert|regex_extract|template,required
240,wideField0163,hard-wide,chain-2,path,$.wide.field0163,required|normalize_string|regex_replace|replacement|substring|template,required
241,wideField0164,hard-wide,chain-3,valueExpr,,normalize_string|case_convert|template,
242,wideField0165,hard-wide,chain-4,valueExpr,,normalize_string|case_convert|regex_replace|replacement,
243,wideField0166,hard-wide,chain-5,path,$.wide.field0166,required|normalize_string|case_convert|regex_match|template,required
244,wideField0167,hard-wide,chain-6,path,$.wide.field0167,required|normalize_string|substring|hash|template,required
245,wideField0168,hard-wide,chain-7,valueExpr,,normalize_string|case_convert|regex_replace|replacement|template,
246,wideField0169,hard-wide,chain-0,path,$.wide.field0169,required|normalize_string|case_convert|regex_replace|replacement|template,required
247,wideField0170,hard-wide,chain-1,path,$.wide.field0170,required|normalize_string|case_convert|regex_extract|template,required
248,wideField0171,hard-wide,chain-2,path,$.wide.field0171,required|normalize_string|regex_replace|replacement|substring|template,required
249,wideField0172,hard-wide,chain-3,valueExpr,,normalize_string|case_convert|template,
250,wideField0173,hard-wide,chain-4,valueExpr,,normalize_string|case_convert|regex_replace|replacement,
251,wideField0174,hard-wide,chain-5,path,$.wide.field0174,required|normalize_string|case_convert|regex_match|template,required
252,wideField0175,hard-wide,chain-6,path,$.wide.field0175,required|normalize_string|substring|hash|template,required
253,wideField0176,hard-wide,chain-7,valueExpr,,normalize_string|case_convert|regex_replace|replacement|template,
254,wideField0177,hard-wide,chain-0,path,$.wide.field0177,required|normalize_string|case_convert|regex_replace|replacement|template,required
255,wideField0178,hard-wide,chain-1,path,$.wide.field0178,required|normalize_string|case_convert|regex_extract|template,required
256,wideField0179,hard-wide,chain-2,path,$.wide.field0179,required|normalize_string|regex_replace|replacement|substring|template,required
257,wideField0180,hard-wide,chain-3,valueExpr,,normalize_string|case_convert|template,
258,wideField0181,hard-wide,chain-4,valueExpr,,normalize_string|case_convert|regex_replace|replacement,
259,wideField0182,hard-wide,chain-5,path,$.wide.field0182,required|normalize_string|case_convert|regex_match|template,required
260,wideField0183,hard-wide,chain-6,path,$.wide.field0183,required|normalize_string|substring|hash|template,required
261,wideField0184,hard-wide,chain-7,valueExpr,,normalize_string|case_convert|regex_replace|replacement|template,
262,wideField0185,hard-wide,chain-0,path,$.wide.field0185,required|normalize_string|case_convert|regex_replace|replacement|template,required
263,wideField0186,hard-wide,chain-1,path,$.wide.field0186,required|normalize_string|case_convert|regex_extract|template,required
264,wideField0187,hard-wide,chain-2,path,$.wide.field0187,required|normalize_string|regex_replace|replacement|substring|template,required
265,wideField0188,hard-wide,chain-3,valueExpr,,normalize_string|case_convert|template,
266,wideField0189,hard-wide,chain-4,valueExpr,,normalize_string|case_convert|regex_replace|replacement,
267,wideField0190,hard-wide,chain-5,path,$.wide.field0190,required|normalize_string|case_convert|regex_match|template,required
268,wideField0191,hard-wide,chain-6,path,$.wide.field0191,required|normalize_string|substring|hash|template,required
269,wideField0192,hard-wide,chain-7,valueExpr,,normalize_string|case_convert|regex_replace|replacement|template,
270,wideField0193,hard-wide,chain-0,path,$.wide.field0193,required|normalize_string|case_convert|regex_replace|replacement|template,required
271,wideField0194,hard-wide,chain-1,path,$.wide.field0194,required|normalize_string|case_convert|regex_extract|template,required
272,wideField0195,hard-wide,chain-2,path,$.wide.field0195,required|normalize_string|regex_replace|replacement|substring|template,required
273,wideField0196,hard-wide,chain-3,valueExpr,,normalize_string|case_convert|template,
274,wideField0197,hard-wide,chain-4,valueExpr,,normalize_string|case_convert|regex_replace|replacement,
275,wideField0198,hard-wide,chain-5,path,$.wide.field0198,required|normalize_string|case_convert|regex_match|template,required
276,wideField0199,hard-wide,chain-6,path,$.wide.field0199,required|normalize_string|substring|hash|template,required
277,wideField0200,hard-wide,chain-7,valueExpr,,normalize_string|case_convert|regex_replace|replacement|template,
278,wideField0201,hard-wide,chain-0,path,$.wide.field0201,required|normalize_string|case_convert|regex_replace|replacement|template,required
279,wideField0202,hard-wide,chain-1,path,$.wide.field0202,required|normalize_string|case_convert|regex_extract|template,required
280,wideField0203,hard-wide,chain-2,path,$.wide.field0203,required|normalize_string|regex_replace|replacement|substring|template,required
281,wideField0204,hard-wide,chain-3,valueExpr,,normalize_string|case_convert|template,
282,wideField0205,hard-wide,chain-4,valueExpr,,normalize_string|case_convert|regex_replace|replacement,
283,wideField0206,hard-wide,chain-5,path,$.wide.field0206,required|normalize_string|case_convert|regex_match|template,required
284,wideField0207,hard-wide,chain-6,path,$.wide.field0207,required|normalize_string|substring|hash|template,required
285,wideField0208,hard-wide,chain-7,valueExpr,,normalize_string|case_convert|regex_replace|replacement|template,
286,wideField0209,hard-wide,chain-0,path,$.wide.field0209,required|normalize_string|case_convert|regex_replace|replacement|template,required
287,wideField0210,hard-wide,chain-1,path,$.wide.field0210,required|normalize_string|case_convert|regex_extract|template,required
288,wideField0211,hard-wide,chain-2,path,$.wide.field0211,required|normalize_string|regex_replace|replacement|substring|template,required
289,wideField0212,hard-wide,chain-3,valueExpr,,normalize_string|case_convert|template,
290,wideField0213,hard-wide,chain-4,valueExpr,,normalize_string|case_convert|regex_replace|replacement,
291,wideField0214,hard-wide,chain-5,path,$.wide.field0214,required|normalize_string|case_convert|regex_match|template,required
292,wideField0215,hard-wide,chain-6,path,$.wide.field0215,required|normalize_string|substring|hash|template,required
293,wideField0216,hard-wide,chain-7,valueExpr,,normalize_string|case_convert|regex_replace|replacement|template,
294,wideField0217,hard-wide,chain-0,path,$.wide.field0217,required|normalize_string|case_convert|regex_replace|replacement|template,required
295,wideField0218,hard-wide,chain-1,path,$.wide.field0218,required|normalize_string|case_convert|regex_extract|template,required
296,wideField0219,hard-wide,chain-2,path,$.wide.field0219,required|normalize_string|regex_replace|replacement|substring|template,required
297,wideField0220,hard-wide,chain-3,valueExpr,,normalize_string|case_convert|template,
298,wideField0221,hard-wide,chain-4,valueExpr,,normalize_string|case_convert|regex_replace|replacement,
299,wideField0222,hard-wide,chain-5,path,$.wide.field0222,required|normalize_string|case_convert|regex_match|template,required
300,wideField0223,hard-wide,chain-6,path,$.wide.field0223,required|normalize_string|substring|hash|template,required
301,wideField0224,hard-wide,chain-7,valueExpr,,normalize_string|case_convert|regex_replace|replacement|template,
302,wideField0225,hard-wide,chain-0,path,$.wide.field0225,required|normalize_string|case_convert|regex_replace|replacement|template,required
303,wideField0226,hard-wide,chain-1,path,$.wide.field0226,required|normalize_string|case_convert|regex_extract|template,required
304,wideField0227,hard-wide,chain-2,path,$.wide.field0227,required|normalize_string|regex_replace|replacement|substring|template,required
305,wideField0228,hard-wide,chain-3,valueExpr,,normalize_string|case_convert|template,
306,wideField0229,hard-wide,chain-4,valueExpr,,normalize_string|case_convert|regex_replace|replacement,
307,wideField0230,hard-wide,chain-5,path,$.wide.field0230,required|normalize_string|case_convert|regex_match|template,required
308,wideField0231,hard-wide,chain-6,path,$.wide.field0231,required|normalize_string|substring|hash|template,required
309,wideField0232,hard-wide,chain-7,valueExpr,,normalize_string|case_convert|regex_replace|replacement|template,
310,wideField0233,hard-wide,chain-0,path,$.wide.field0233,required|normalize_string|case_convert|regex_replace|replacement|template,required
311,wideField0234,hard-wide,chain-1,path,$.wide.field0234,required|normalize_string|case_convert|regex_extract|template,required
312,wideField0235,hard-wide,chain-2,path,$.wide.field0235,required|normalize_string|regex_replace|replacement|substring|template,required
313,wideField0236,hard-wide,chain-3,valueExpr,,normalize_string|case_convert|template,
314,wideField0237,hard-wide,chain-4,valueExpr,,normalize_string|case_convert|regex_replace|replacement,
315,wideField0238,hard-wide,chain-5,path,$.wide.field0238,required|normalize_string|case_convert|regex_match|template,required
316,wideField0239,hard-wide,chain-6,path,$.wide.field0239,required|normalize_string|substring|hash|template,required
317,wideField0240,hard-wide,chain-7,valueExpr,,normalize_string|case_convert|regex_replace|replacement|template,
318,wideField0241,hard-wide,chain-0,path,$.wide.field0241,required|normalize_string|case_convert|regex_replace|replacement|template,required
319,wideField0242,hard-wide,chain-1,path,$.wide.field0242,required|normalize_string|case_convert|regex_extract|template,required
320,wideField0243,hard-wide,chain-2,path,$.wide.field0243,required|normalize_string|regex_replace|replacement|substring|template,required
321,wideField0244,hard-wide,chain-3,valueExpr,,normalize_string|case_convert|template,
322,wideField0245,hard-wide,chain-4,valueExpr,,normalize_string|case_convert|regex_replace|replacement,
323,wideField0246,hard-wide,chain-5,path,$.wide.field0246,required|normalize_string|case_convert|regex_match|template,required
324,wideField0247,hard-wide,chain-6,path,$.wide.field0247,required|normalize_string|substring|hash|template,required
325,wideField0248,hard-wide,chain-7,valueExpr,,normalize_string|case_convert|regex_replace|replacement|template,
326,wideField0249,hard-wide,chain-0,path,$.wide.field0249,required|normalize_string|case_convert|regex_replace|replacement|template,required
327,wideField0250,hard-wide,chain-1,path,$.wide.field0250,required|normalize_string|case_convert|regex_extract|template,required
328,wideField0251,hard-wide,chain-2,path,$.wide.field0251,required|normalize_string|regex_replace|replacement|substring|template,required
329,wideField0252,hard-wide,chain-3,valueExpr,,normalize_string|case_convert|template,
330,wideField0253,hard-wide,chain-4,valueExpr,,normalize_string|case_convert|regex_replace|replacement,
331,wideField0254,hard-wide,chain-5,path,$.wide.field0254,required|normalize_string|case_convert|regex_match|template,required
332,wideField0255,hard-wide,chain-6,path,$.wide.field0255,required|normalize_string|substring|hash|template,required
333,wideField0256,hard-wide,chain-7,valueExpr,,normalize_string|case_convert|regex_replace|replacement|template,
334,wideField0257,hard-wide,chain-0,path,$.wide.field0257,required|normalize_string|case_convert|regex_replace|replacement|template,required
335,wideField0258,hard-wide,chain-1,path,$.wide.field0258,required|normalize_string|case_convert|regex_extract|template,required
336,wideField0259,hard-wide,chain-2,path,$.wide.field0259,required|normalize_string|regex_replace|replacement|substring|template,required
337,wideField0260,hard-wide,chain-3,valueExpr,,normalize_string|case_convert|template,
338,wideField0261,hard-wide,chain-4,valueExpr,,normalize_string|case_convert|regex_replace|replacement,
339,wideField0262,hard-wide,chain-5,path,$.wide.field0262,required|normalize_string|case_convert|regex_match|template,required
340,wideField0263,hard-wide,chain-6,path,$.wide.field0263,required|normalize_string|substring|hash|template,required
341,wideField0264,hard-wide,chain-7,valueExpr,,normalize_string|case_convert|regex_replace|replacement|template,
342,wideField0265,hard-wide,chain-0,path,$.wide.field0265,required|normalize_string|case_convert|regex_replace|replacement|template,required
343,wideField0266,hard-wide,chain-1,path,$.wide.field0266,required|normalize_string|case_convert|regex_extract|template,required
344,wideField0267,hard-wide,chain-2,path,$.wide.field0267,required|normalize_string|regex_replace|replacement|substring|template,required
345,wideField0268,hard-wide,chain-3,valueExpr,,normalize_string|case_convert|template,
346,wideField0269,hard-wide,chain-4,valueExpr,,normalize_string|case_convert|regex_replace|replacement,
347,wideField0270,hard-wide,chain-5,path,$.wide.field0270,required|normalize_string|case_convert|regex_match|template,required
348,wideField0271,hard-wide,chain-6,path,$.wide.field0271,required|normalize_string|substring|hash|template,required
349,wideField0272,hard-wide,chain-7,valueExpr,,normalize_string|case_convert|regex_replace|replacement|template,
350,wideField0273,hard-wide,chain-0,path,$.wide.field0273,required|normalize_string|case_convert|regex_replace|replacement|template,required
351,wideField0274,hard-wide,chain-1,path,$.wide.field0274,required|normalize_string|case_convert|regex_extract|template,required
352,wideField0275,hard-wide,chain-2,path,$.wide.field0275,required|normalize_string|regex_replace|replacement|substring|template,required
353,wideField0276,hard-wide,chain-3,valueExpr,,normalize_string|case_convert|template,
354,wideField0277,hard-wide,chain-4,valueExpr,,normalize_string|case_convert|regex_replace|replacement,
355,wideField0278,hard-wide,chain-5,path,$.wide.field0278,required|normalize_string|case_convert|regex_match|template,required
356,wideField0279,hard-wide,chain-6,path,$.wide.field0279,required|normalize_string|substring|hash|template,required
357,wideField0280,hard-wide,chain-7,valueExpr,,normalize_string|case_convert|regex_replace|replacement|template,
358,wideField0281,hard-wide,chain-0,path,$.wide.field0281,required|normalize_string|case_convert|regex_replace|replacement|template,required
359,wideField0282,hard-wide,chain-1,path,$.wide.field0282,required|normalize_string|case_convert|regex_extract|template,required
360,wideField0283,hard-wide,chain-2,path,$.wide.field0283,required|normalize_string|regex_replace|replacement|substring|template,required
361,wideField0284,hard-wide,chain-3,valueExpr,,normalize_string|case_convert|template,
362,wideField0285,hard-wide,chain-4,valueExpr,,normalize_string|case_convert|regex_replace|replacement,
363,wideField0286,hard-wide,chain-5,path,$.wide.field0286,required|normalize_string|case_convert|regex_match|template,required
364,wideField0287,hard-wide,chain-6,path,$.wide.field0287,required|normalize_string|substring|hash|template,required
365,wideField0288,hard-wide,chain-7,valueExpr,,normalize_string|case_convert|regex_replace|replacement|template,
366,wideField0289,hard-wide,chain-0,path,$.wide.field0289,required|normalize_string|case_convert|regex_replace|replacement|template,required
367,wideField0290,hard-wide,chain-1,path,$.wide.field0290,required|normalize_string|case_convert|regex_extract|template,required
368,wideField0291,hard-wide,chain-2,path,$.wide.field0291,required|normalize_string|regex_replace|replacement|substring|template,required
369,wideField0292,hard-wide,chain-3,valueExpr,,normalize_string|case_convert|template,
370,wideField0293,hard-wide,chain-4,valueExpr,,normalize_string|case_convert|regex_replace|replacement,
371,wideField0294,hard-wide,chain-5,path,$.wide.field0294,required|normalize_string|case_convert|regex_match|template,required
372,wideField0295,hard-wide,chain-6,path,$.wide.field0295,required|normalize_string|substring|hash|template,required
373,wideField0296,hard-wide,chain-7,valueExpr,,normalize_string|case_convert|regex_replace|replacement|template,
374,wideField0297,hard-wide,chain-0,path,$.wide.field0297,required|normalize_string|case_convert|regex_replace|replacement|template,required
375,wideField0298,hard-wide,chain-1,path,$.wide.field0298,required|normalize_string|case_convert|regex_extract|template,required
376,wideField0299,hard-wide,chain-2,path,$.wide.field0299,required|normalize_string|regex_replace|replacement|substring|template,required
377,wideField0300,hard-wide,chain-3,valueExpr,,normalize_string|case_convert|template,
378,wideField0301,hard-wide,chain-4,valueExpr,,normalize_string|case_convert|regex_replace|replacement,
379,wideField0302,hard-wide,chain-5,path,$.wide.field0302,required|normalize_string|case_convert|regex_match|template,required
380,wideField0303,hard-wide,chain-6,path,$.wide.field0303,required|normalize_string|substring|hash|template,required
381,wideField0304,hard-wide,chain-7,valueExpr,,normalize_string|case_convert|regex_replace|replacement|template,
382,wideField0305,hard-wide,chain-0,path,$.wide.field0305,required|normalize_string|case_convert|regex_replace|replacement|template,required
383,wideField0306,hard-wide,chain-1,path,$.wide.field0306,required|normalize_string|case_convert|regex_extract|template,required
384,wideField0307,hard-wide,chain-2,path,$.wide.field0307,required|normalize_string|regex_replace|replacement|substring|template,required
385,wideField0308,hard-wide,chain-3,valueExpr,,normalize_string|case_convert|template,
386,wideField0309,hard-wide,chain-4,valueExpr,,normalize_string|case_convert|regex_replace|replacement,
387,wideField0310,hard-wide,chain-5,path,$.wide.field0310,required|normalize_string|case_convert|regex_match|template,required
388,wideField0311,hard-wide,chain-6,path,$.wide.field0311,required|normalize_string|substring|hash|template,required
389,wideField0312,hard-wide,chain-7,valueExpr,,normalize_string|case_convert|regex_replace|replacement|template,
390,wideField0313,hard-wide,chain-0,path,$.wide.field0313,required|normalize_string|case_convert|regex_replace|replacement|template,required
391,wideField0314,hard-wide,chain-1,path,$.wide.field0314,required|normalize_string|case_convert|regex_extract|template,required
392,wideField0315,hard-wide,chain-2,path,$.wide.field0315,required|normalize_string|regex_replace|replacement|substring|template,required
393,wideField0316,hard-wide,chain-3,valueExpr,,normalize_string|case_convert|template,
394,wideField0317,hard-wide,chain-4,valueExpr,,normalize_string|case_convert|regex_replace|replacement,
395,wideField0318,hard-wide,chain-5,path,$.wide.field0318,required|normalize_string|case_convert|regex_match|template,required
396,wideField0319,hard-wide,chain-6,path,$.wide.field0319,required|normalize_string|substring|hash|template,required
397,wideField0320,hard-wide,chain-7,valueExpr,,normalize_string|case_convert|regex_replace|replacement|template,
398,wideField0321,hard-wide,chain-0,path,$.wide.field0321,required|normalize_string|case_convert|regex_replace|replacement|template,required
399,wideField0322,hard-wide,chain-1,path,$.wide.field0322,required|normalize_string|case_convert|regex_extract|template,required
400,wideField0323,hard-wide,chain-2,path,$.wide.field0323,required|normalize_string|regex_replace|replacement|substring|template,required
401,wideField0324,hard-wide,chain-3,valueExpr,,normalize_string|case_convert|template,
402,wideField0325,hard-wide,chain-4,valueExpr,,normalize_string|case_convert|regex_replace|replacement,
403,wideField0326,hard-wide,chain-5,path,$.wide.field0326,required|normalize_string|case_convert|regex_match|template,required
404,wideField0327,hard-wide,chain-6,path,$.wide.field0327,required|normalize_string|substring|hash|template,required
405,wideField0328,hard-wide,chain-7,valueExpr,,normalize_string|case_convert|regex_replace|replacement|template,
406,wideField0329,hard-wide,chain-0,path,$.wide.field0329,required|normalize_string|case_convert|regex_replace|replacement|template,required
407,wideField0330,hard-wide,chain-1,path,$.wide.field0330,required|normalize_string|case_convert|regex_extract|template,required
408,wideField0331,hard-wide,chain-2,path,$.wide.field0331,required|normalize_string|regex_replace|replacement|substring|template,required
409,wideField0332,hard-wide,chain-3,valueExpr,,normalize_string|case_convert|template,
410,wideField0333,hard-wide,chain-4,valueExpr,,normalize_string|case_convert|regex_replace|replacement,
411,wideField0334,hard-wide,chain-5,path,$.wide.field0334,required|normalize_string|case_convert|regex_match|template,required
412,wideField0335,hard-wide,chain-6,path,$.wide.field0335,required|normalize_string|substring|hash|template,required
413,wideField0336,hard-wide,chain-7,valueExpr,,normalize_string|case_convert|regex_replace|replacement|template,
414,wideField0337,hard-wide,chain-0,path,$.wide.field0337,required|normalize_string|case_convert|regex_replace|replacement|template,required
415,wideField0338,hard-wide,chain-1,path,$.wide.field0338,required|normalize_string|case_convert|regex_extract|template,required
416,wideField0339,hard-wide,chain-2,path,$.wide.field0339,required|normalize_string|regex_replace|replacement|substring|template,required
417,wideField0340,hard-wide,chain-3,valueExpr,,normalize_string|case_convert|template,
418,wideField0341,hard-wide,chain-4,valueExpr,,normalize_string|case_convert|regex_replace|replacement,
419,wideField0342,hard-wide,chain-5,path,$.wide.field0342,required|normalize_string|case_convert|regex_match|template,required
420,wideField0343,hard-wide,chain-6,path,$.wide.field0343,required|normalize_string|substring|hash|template,required
421,wideField0344,hard-wide,chain-7,valueExpr,,normalize_string|case_convert|regex_replace|replacement|template,
422,wideField0345,hard-wide,chain-0,path,$.wide.field0345,required|normalize_string|case_convert|regex_replace|replacement|template,required
423,wideField0346,hard-wide,chain-1,path,$.wide.field0346,required|normalize_string|case_convert|regex_extract|template,required
424,wideField0347,hard-wide,chain-2,path,$.wide.field0347,required|normalize_string|regex_replace|replacement|substring|template,required
425,wideField0348,hard-wide,chain-3,valueExpr,,normalize_string|case_convert|template,
426,wideField0349,hard-wide,chain-4,valueExpr,,normalize_string|case_convert|regex_replace|replacement,
427,wideField0350,hard-wide,chain-5,path,$.wide.field0350,required|normalize_string|case_convert|regex_match|template,required
428,wideField0351,hard-wide,chain-6,path,$.wide.field0351,required|normalize_string|substring|hash|template,required
429,wideField0352,hard-wide,chain-7,valueExpr,,normalize_string|case_convert|regex_replace|replacement|template,
430,wideField0353,hard-wide,chain-0,path,$.wide.field0353,required|normalize_string|case_convert|regex_replace|replacement|template,required
431,wideField0354,hard-wide,chain-1,path,$.wide.field0354,required|normalize_string|case_convert|regex_extract|template,required
432,wideField0355,hard-wide,chain-2,path,$.wide.field0355,required|normalize_string|regex_replace|replacement|substring|template,required
433,wideField0356,hard-wide,chain-3,valueExpr,,normalize_string|case_convert|template,
434,wideField0357,hard-wide,chain-4,valueExpr,,normalize_string|case_convert|regex_replace|replacement,
435,wideField0358,hard-wide,chain-5,path,$.wide.field0358,required|normalize_string|case_convert|regex_match|template,required
436,wideField0359,hard-wide,chain-6,path,$.wide.field0359,required|normalize_string|substring|hash|template,required
437,wideField0360,hard-wide,chain-7,valueExpr,,normalize_string|case_convert|regex_replace|replacement|template,
438,wideField0361,hard-wide,chain-0,path,$.wide.field0361,required|normalize_string|case_convert|regex_replace|replacement|template,required
439,wideField0362,hard-wide,chain-1,path,$.wide.field0362,required|normalize_string|case_convert|regex_extract|template,required
440,wideField0363,hard-wide,chain-2,path,$.wide.field0363,required|normalize_string|regex_replace|replacement|substring|template,required
441,wideField0364,hard-wide,chain-3,valueExpr,,normalize_string|case_convert|template,
442,wideField0365,hard-wide,chain-4,valueExpr,,normalize_string|case_convert|regex_replace|replacement,
443,wideField0366,hard-wide,chain-5,path,$.wide.field0366,required|normalize_string|case_convert|regex_match|template,required
444,wideField0367,hard-wide,chain-6,path,$.wide.field0367,required|normalize_string|substring|hash|template,required
445,wideField0368,hard-wide,chain-7,valueExpr,,normalize_string|case_convert|regex_replace|replacement|template,
446,wideField0369,hard-wide,chain-0,path,$.wide.field0369,required|normalize_string|case_convert|regex_replace|replacement|template,required
447,wideField0370,hard-wide,chain-1,path,$.wide.field0370,required|normalize_string|case_convert|regex_extract|template,required
448,wideField0371,hard-wide,chain-2,path,$.wide.field0371,required|normalize_string|regex_replace|replacement|substring|template,required
449,wideField0372,hard-wide,chain-3,valueExpr,,normalize_string|case_convert|template,
450,wideField0373,hard-wide,chain-4,valueExpr,,normalize_string|case_convert|regex_replace|replacement,
451,wideField0374,hard-wide,chain-5,path,$.wide.field0374,required|normalize_string|case_convert|regex_match|template,required
452,wideField0375,hard-wide,chain-6,path,$.wide.field0375,required|normalize_string|substring|hash|template,required
453,wideField0376,hard-wide,chain-7,valueExpr,,normalize_string|case_convert|regex_replace|replacement|template,
454,wideField0377,hard-wide,chain-0,path,$.wide.field0377,required|normalize_string|case_convert|regex_replace|replacement|template,required
455,wideField0378,hard-wide,chain-1,path,$.wide.field0378,required|normalize_string|case_convert|regex_extract|template,required
456,wideField0379,hard-wide,chain-2,path,$.wide.field0379,required|normalize_string|regex_replace|replacement|substring|template,required
457,wideField0380,hard-wide,chain-3,valueExpr,,normalize_string|case_convert|template,
458,wideField0381,hard-wide,chain-4,valueExpr,,normalize_string|case_convert|regex_replace|replacement,
459,wideField0382,hard-wide,chain-5,path,$.wide.field0382,required|normalize_string|case_convert|regex_match|template,required
460,wideField0383,hard-wide,chain-6,path,$.wide.field0383,required|normalize_string|substring|hash|template,required
461,wideField0384,hard-wide,chain-7,valueExpr,,normalize_string|case_convert|regex_replace|replacement|template,
462,wideField0385,hard-wide,chain-0,path,$.wide.field0385,required|normalize_string|case_convert|regex_replace|replacement|template,required
463,wideField0386,hard-wide,chain-1,path,$.wide.field0386,required|normalize_string|case_convert|regex_extract|template,required
464,wideField0387,hard-wide,chain-2,path,$.wide.field0387,required|normalize_string|regex_replace|replacement|substring|template,required
465,wideField0388,hard-wide,chain-3,valueExpr,,normalize_string|case_convert|template,
466,wideField0389,hard-wide,chain-4,valueExpr,,normalize_string|case_convert|regex_replace|replacement,
467,wideField0390,hard-wide,chain-5,path,$.wide.field0390,required|normalize_string|case_convert|regex_match|template,required
468,wideField0391,hard-wide,chain-6,path,$.wide.field0391,required|normalize_string|substring|hash|template,required
469,wideField0392,hard-wide,chain-7,valueExpr,,normalize_string|case_convert|regex_replace|replacement|template,
470,wideField0393,hard-wide,chain-0,path,$.wide.field0393,required|normalize_string|case_convert|regex_replace|replacement|template,required
471,wideField0394,hard-wide,chain-1,path,$.wide.field0394,required|normalize_string|case_convert|regex_extract|template,required
472,wideField0395,hard-wide,chain-2,path,$.wide.field0395,required|normalize_string|regex_replace|replacement|substring|template,required
473,wideField0396,hard-wide,chain-3,valueExpr,,normalize_string|case_convert|template,
474,wideField0397,hard-wide,chain-4,valueExpr,,normalize_string|case_convert|regex_replace|replacement,
475,wideField0398,hard-wide,chain-5,path,$.wide.field0398,required|normalize_string|case_convert|regex_match|template,required
476,wideField0399,hard-wide,chain-6,path,$.wide.field0399,required|normalize_string|substring|hash|template,required
477,wideField0400,hard-wide,chain-7,valueExpr,,normalize_string|case_convert|regex_replace|replacement|template,
478,wideField0401,hard-wide,chain-0,path,$.wide.field0401,required|normalize_string|case_convert|regex_replace|replacement|template,required
479,wideField0402,hard-wide,chain-1,path,$.wide.field0402,required|normalize_string|case_convert|regex_extract|template,required
480,wideField0403,hard-wide,chain-2,path,$.wide.field0403,required|normalize_string|regex_replace|replacement|substring|template,required
481,wideField0404,hard-wide,chain-3,valueExpr,,normalize_string|case_convert|template,
482,wideField0405,hard-wide,chain-4,valueExpr,,normalize_string|case_convert|regex_replace|replacement,
483,wideField0406,hard-wide,chain-5,path,$.wide.field0406,required|normalize_string|case_convert|regex_match|template,required
484,wideField0407,hard-wide,chain-6,path,$.wide.field0407,required|normalize_string|substring|hash|template,required
485,wideField0408,hard-wide,chain-7,valueExpr,,normalize_string|case_convert|regex_replace|replacement|template,
486,wideField0409,hard-wide,chain-0,path,$.wide.field0409,required|normalize_string|case_convert|regex_replace|replacement|template,required
487,wideField0410,hard-wide,chain-1,path,$.wide.field0410,required|normalize_string|case_convert|regex_extract|template,required
488,wideField0411,hard-wide,chain-2,path,$.wide.field0411,required|normalize_string|regex_replace|replacement|substring|template,required
489,wideField0412,hard-wide,chain-3,valueExpr,,normalize_string|case_convert|template,
490,wideField0413,hard-wide,chain-4,valueExpr,,normalize_string|case_convert|regex_replace|replacement,
491,wideField0414,hard-wide,chain-5,path,$.wide.field0414,required|normalize_string|case_convert|regex_match|template,required
492,wideField0415,hard-wide,chain-6,path,$.wide.field0415,required|normalize_string|substring|hash|template,required
493,wideField0416,hard-wide,chain-7,valueExpr,,normalize_string|case_convert|regex_replace|replacement|template,
494,wideField0417,hard-wide,chain-0,path,$.wide.field0417,required|normalize_string|case_convert|regex_replace|replacement|template,required
495,wideField0418,hard-wide,chain-1,path,$.wide.field0418,required|normalize_string|case_convert|regex_extract|template,required
496,wideField0419,hard-wide,chain-2,path,$.wide.field0419,required|normalize_string|regex_replace|replacement|substring|template,required
497,wideField0420,hard-wide,chain-3,valueExpr,,normalize_string|case_convert|template,
498,wideField0421,hard-wide,chain-4,valueExpr,,normalize_string|case_convert|regex_replace|replacement,
499,wideField0422,hard-wide,chain-5,path,$.wide.field0422,required|normalize_string|case_convert|regex_match|template,required
500,wideField0423,hard-wide,chain-6,path,$.wide.field0423,required|normalize_string|substring|hash|template,required
501,wideField0424,hard-wide,chain-7,valueExpr,,normalize_string|case_convert|regex_replace|replacement|template,
502,wideField0425,hard-wide,chain-0,path,$.wide.field0425,required|normalize_string|case_convert|regex_replace|replacement|template,required
503,wideField0426,hard-wide,chain-1,path,$.wide.field0426,required|normalize_string|case_convert|regex_extract|template,required
504,wideField0427,hard-wide,chain-2,path,$.wide.field0427,required|normalize_string|regex_replace|replacement|substring|template,required
505,wideField0428,hard-wide,chain-3,valueExpr,,normalize_string|case_convert|template,
506,wideField0429,hard-wide,chain-4,valueExpr,,normalize_string|case_convert|regex_replace|replacement,
507,wideField0430,hard-wide,chain-5,path,$.wide.field0430,required|normalize_string|case_convert|regex_match|template,required
508,wideField0431,hard-wide,chain-6,path,$.wide.field0431,required|normalize_string|substring|hash|template,required
509,wideField0432,hard-wide,chain-7,valueExpr,,normalize_string|case_convert|regex_replace|replacement|template,
510,wideField0433,hard-wide,chain-0,path,$.wide.field0433,required|normalize_string|case_convert|regex_replace|replacement|template,required
511,wideField0434,hard-wide,chain-1,path,$.wide.field0434,required|normalize_string|case_convert|regex_extract|template,required
512,wideField0435,hard-wide,chain-2,path,$.wide.field0435,required|normalize_string|regex_replace|replacement|substring|template,required
513,wideField0436,hard-wide,chain-3,valueExpr,,normalize_string|case_convert|template,
514,wideField0437,hard-wide,chain-4,valueExpr,,normalize_string|case_convert|regex_replace|replacement,
515,wideField0438,hard-wide,chain-5,path,$.wide.field0438,required|normalize_string|case_convert|regex_match|template,required
516,wideField0439,hard-wide,chain-6,path,$.wide.field0439,required|normalize_string|substring|hash|template,required
517,wideField0440,hard-wide,chain-7,valueExpr,,normalize_string|case_convert|regex_replace|replacement|template,
518,wideField0441,hard-wide,chain-0,path,$.wide.field0441,required|normalize_string|case_convert|regex_replace|replacement|template,required
519,wideField0442,hard-wide,chain-1,path,$.wide.field0442,required|normalize_string|case_convert|regex_extract|template,required
520,wideField0443,hard-wide,chain-2,path,$.wide.field0443,required|normalize_string|regex_replace|replacement|substring|template,required
521,wideField0444,hard-wide,chain-3,valueExpr,,normalize_string|case_convert|template,
522,wideField0445,hard-wide,chain-4,valueExpr,,normalize_string|case_convert|regex_replace|replacement,
523,wideField0446,hard-wide,chain-5,path,$.wide.field0446,required|normalize_string|case_convert|regex_match|template,required
524,wideField0447,hard-wide,chain-6,path,$.wide.field0447,required|normalize_string|substring|hash|template,required
525,wideField0448,hard-wide,chain-7,valueExpr,,normalize_string|case_convert|regex_replace|replacement|template,
526,wideField0449,hard-wide,chain-0,path,$.wide.field0449,required|normalize_string|case_convert|regex_replace|replacement|template,required
527,wideField0450,hard-wide,chain-1,path,$.wide.field0450,required|normalize_string|case_convert|regex_extract|template,required
528,wideField0451,hard-wide,chain-2,path,$.wide.field0451,required|normalize_string|regex_replace|replacement|substring|template,required
529,wideField0452,hard-wide,chain-3,valueExpr,,normalize_string|case_convert|template,
530,wideField0453,hard-wide,chain-4,valueExpr,,normalize_string|case_convert|regex_replace|replacement,
531,wideField0454,hard-wide,chain-5,path,$.wide.field0454,required|normalize_string|case_convert|regex_match|template,required
532,wideField0455,hard-wide,chain-6,path,$.wide.field0455,required|normalize_string|substring|hash|template,required
533,wideField0456,hard-wide,chain-7,valueExpr,,normalize_string|case_convert|regex_replace|replacement|template,
534,wideField0457,hard-wide,chain-0,path,$.wide.field0457,required|normalize_string|case_convert|regex_replace|replacement|template,required
535,wideField0458,hard-wide,chain-1,path,$.wide.field0458,required|normalize_string|case_convert|regex_extract|template,required
536,wideField0459,hard-wide,chain-2,path,$.wide.field0459,required|normalize_string|regex_replace|replacement|substring|template,required
537,wideField0460,hard-wide,chain-3,valueExpr,,normalize_string|case_convert|template,
538,wideField0461,hard-wide,chain-4,valueExpr,,normalize_string|case_convert|regex_replace|replacement,
539,wideField0462,hard-wide,chain-5,path,$.wide.field0462,required|normalize_string|case_convert|regex_match|template,required
540,wideField0463,hard-wide,chain-6,path,$.wide.field0463,required|normalize_string|substring|hash|template,required
541,wideField0464,hard-wide,chain-7,valueExpr,,normalize_string|case_convert|regex_replace|replacement|template,
542,wideField0465,hard-wide,chain-0,path,$.wide.field0465,required|normalize_string|case_convert|regex_replace|replacement|template,required
543,wideField0466,hard-wide,chain-1,path,$.wide.field0466,required|normalize_string|case_convert|regex_extract|template,required
544,wideField0467,hard-wide,chain-2,path,$.wide.field0467,required|normalize_string|regex_replace|replacement|substring|template,required
545,wideField0468,hard-wide,chain-3,valueExpr,,normalize_string|case_convert|template,
546,wideField0469,hard-wide,chain-4,valueExpr,,normalize_string|case_convert|regex_replace|replacement,
547,wideField0470,hard-wide,chain-5,path,$.wide.field0470,required|normalize_string|case_convert|regex_match|template,required
548,wideField0471,hard-wide,chain-6,path,$.wide.field0471,required|normalize_string|substring|hash|template,required
549,wideField0472,hard-wide,chain-7,valueExpr,,normalize_string|case_convert|regex_replace|replacement|template,
550,wideField0473,hard-wide,chain-0,path,$.wide.field0473,required|normalize_string|case_convert|regex_replace|replacement|template,required
551,wideField0474,hard-wide,chain-1,path,$.wide.field0474,required|normalize_string|case_convert|regex_extract|template,required
552,wideField0475,hard-wide,chain-2,path,$.wide.field0475,required|normalize_string|regex_replace|replacement|substring|template,required
553,wideField0476,hard-wide,chain-3,valueExpr,,normalize_string|case_convert|template,
554,wideField0477,hard-wide,chain-4,valueExpr,,normalize_string|case_convert|regex_replace|replacement,
555,wideField0478,hard-wide,chain-5,path,$.wide.field0478,required|normalize_string|case_convert|regex_match|template,required
556,wideField0479,hard-wide,chain-6,path,$.wide.field0479,required|normalize_string|substring|hash|template,required
557,wideField0480,hard-wide,chain-7,valueExpr,,normalize_string|case_convert|regex_replace|replacement|template,
558,wideField0481,hard-wide,chain-0,path,$.wide.field0481,required|normalize_string|case_convert|regex_replace|replacement|template,required
559,wideField0482,hard-wide,chain-1,path,$.wide.field0482,required|normalize_string|case_convert|regex_extract|template,required
560,wideField0483,hard-wide,chain-2,path,$.wide.field0483,required|normalize_string|regex_replace|replacement|substring|template,required
561,wideField0484,hard-wide,chain-3,valueExpr,,normalize_string|case_convert|template,
562,wideField0485,hard-wide,chain-4,valueExpr,,normalize_string|case_convert|regex_replace|replacement,
563,wideField0486,hard-wide,chain-5,path,$.wide.field0486,required|normalize_string|case_convert|regex_match|template,required
564,wideField0487,hard-wide,chain-6,path,$.wide.field0487,required|normalize_string|substring|hash|template,required
565,wideField0488,hard-wide,chain-7,valueExpr,,normalize_string|case_convert|regex_replace|replacement|template,
566,wideField0489,hard-wide,chain-0,path,$.wide.field0489,required|normalize_string|case_convert|regex_replace|replacement|template,required
567,wideField0490,hard-wide,chain-1,path,$.wide.field0490,required|normalize_string|case_convert|regex_extract|template,required
568,wideField0491,hard-wide,chain-2,path,$.wide.field0491,required|normalize_string|regex_replace|replacement|substring|template,required
569,wideField0492,hard-wide,chain-3,valueExpr,,normalize_string|case_convert|template,
570,wideField0493,hard-wide,chain-4,valueExpr,,normalize_string|case_convert|regex_replace|replacement,
571,wideField0494,hard-wide,chain-5,path,$.wide.field0494,required|normalize_string|case_convert|regex_match|template,required
572,wideField0495,hard-wide,chain-6,path,$.wide.field0495,required|normalize_string|substring|hash|template,required
573,wideField0496,hard-wide,chain-7,valueExpr,,normalize_string|case_convert|regex_replace|replacement|template,
574,wideField0497,hard-wide,chain-0,path,$.wide.field0497,required|normalize_string|case_convert|regex_replace|replacement|template,required
575,wideField0498,hard-wide,chain-1,path,$.wide.field0498,required|normalize_string|case_convert|regex_extract|template,required
576,wideField0499,hard-wide,chain-2,path,$.wide.field0499,required|normalize_string|regex_replace|replacement|substring|template,required
577,wideField0500,hard-wide,chain-3,valueExpr,,normalize_string|case_convert|template,
578,wideField0501,hard-wide,chain-4,valueExpr,,normalize_string|case_convert|regex_replace|replacement,
579,wideField0502,hard-wide,chain-5,path,$.wide.field0502,required|normalize_string|case_convert|regex_match|template,required
580,wideField0503,hard-wide,chain-6,path,$.wide.field0503,required|normalize_string|substring|hash|template,required
581,wideField0504,hard-wide,chain-7,valueExpr,,normalize_string|case_convert|regex_replace|replacement|template,
582,wideField0505,hard-wide,chain-0,path,$.wide.field0505,required|normalize_string|case_convert|regex_replace|replacement|template,required
583,wideField0506,hard-wide,chain-1,path,$.wide.field0506,required|normalize_string|case_convert|regex_extract|template,required
584,wideField0507,hard-wide,chain-2,path,$.wide.field0507,required|normalize_string|regex_replace|replacement|substring|template,required
585,wideField0508,hard-wide,chain-3,valueExpr,,normalize_string|case_convert|template,
586,wideField0509,hard-wide,chain-4,valueExpr,,normalize_string|case_convert|regex_replace|replacement,
587,wideField0510,hard-wide,chain-5,path,$.wide.field0510,required|normalize_string|case_convert|regex_match|template,required
588,wideField0511,hard-wide,chain-6,path,$.wide.field0511,required|normalize_string|substring|hash|template,required
589,wideField0512,hard-wide,chain-7,valueExpr,,normalize_string|case_convert|regex_replace|replacement|template,
590,wideField0513,hard-wide,chain-0,path,$.wide.field0513,required|normalize_string|case_convert|regex_replace|replacement|template,required
591,wideField0514,hard-wide,chain-1,path,$.wide.field0514,required|normalize_string|case_convert|regex_extract|template,required
592,wideField0515,hard-wide,chain-2,path,$.wide.field0515,required|normalize_string|regex_replace|replacement|substring|template,required
593,wideField0516,hard-wide,chain-3,valueExpr,,normalize_string|case_convert|template,
594,wideField0517,hard-wide,chain-4,valueExpr,,normalize_string|case_convert|regex_replace|replacement,
595,wideField0518,hard-wide,chain-5,path,$.wide.field0518,required|normalize_string|case_convert|regex_match|template,required
596,wideField0519,hard-wide,chain-6,path,$.wide.field0519,required|normalize_string|substring|hash|template,required
597,wideField0520,hard-wide,chain-7,valueExpr,,normalize_string|case_convert|regex_replace|replacement|template,
598,wideField0521,hard-wide,chain-0,path,$.wide.field0521,required|normalize_string|case_convert|regex_replace|replacement|template,required
599,wideField0522,hard-wide,chain-1,path,$.wide.field0522,required|normalize_string|case_convert|regex_extract|template,required
600,wideField0523,hard-wide,chain-2,path,$.wide.field0523,required|normalize_string|regex_replace|replacement|substring|template,required
601,wideField0524,hard-wide,chain-3,valueExpr,,normalize_string|case_convert|template,
602,wideField0525,hard-wide,chain-4,valueExpr,,normalize_string|case_convert|regex_replace|replacement,
603,wideField0526,hard-wide,chain-5,path,$.wide.field0526,required|normalize_string|case_convert|regex_match|template,required
604,wideField0527,hard-wide,chain-6,path,$.wide.field0527,required|normalize_string|substring|hash|template,required
605,wideField0528,hard-wide,chain-7,valueExpr,,normalize_string|case_convert|regex_replace|replacement|template,
606,wideField0529,hard-wide,chain-0,path,$.wide.field0529,required|normalize_string|case_convert|regex_replace|replacement|template,required
607,wideField0530,hard-wide,chain-1,path,$.wide.field0530,required|normalize_string|case_convert|regex_extract|template,required
608,wideField0531,hard-wide,chain-2,path,$.wide.field0531,required|normalize_string|regex_replace|replacement|substring|template,required
609,wideField0532,hard-wide,chain-3,valueExpr,,normalize_string|case_convert|template,
610,wideField0533,hard-wide,chain-4,valueExpr,,normalize_string|case_convert|regex_replace|replacement,
611,wideField0534,hard-wide,chain-5,path,$.wide.field0534,required|normalize_string|case_convert|regex_match|template,required
612,wideField0535,hard-wide,chain-6,path,$.wide.field0535,required|normalize_string|substring|hash|template,required
613,wideField0536,hard-wide,chain-7,valueExpr,,normalize_string|case_convert|regex_replace|replacement|template,
614,wideField0537,hard-wide,chain-0,path,$.wide.field0537,required|normalize_string|case_convert|regex_replace|replacement|template,required
615,wideField0538,hard-wide,chain-1,path,$.wide.field0538,required|normalize_string|case_convert|regex_extract|template,required
616,wideField0539,hard-wide,chain-2,path,$.wide.field0539,required|normalize_string|regex_replace|replacement|substring|template,required
617,wideField0540,hard-wide,chain-3,valueExpr,,normalize_string|case_convert|template,
618,wideField0541,hard-wide,chain-4,valueExpr,,normalize_string|case_convert|regex_replace|replacement,
619,wideField0542,hard-wide,chain-5,path,$.wide.field0542,required|normalize_string|case_convert|regex_match|template,required
620,wideField0543,hard-wide,chain-6,path,$.wide.field0543,required|normalize_string|substring|hash|template,required
621,wideField0544,hard-wide,chain-7,valueExpr,,normalize_string|case_convert|regex_replace|replacement|template,
622,wideField0545,hard-wide,chain-0,path,$.wide.field0545,required|normalize_string|case_convert|regex_replace|replacement|template,required
623,wideField0546,hard-wide,chain-1,path,$.wide.field0546,required|normalize_string|case_convert|regex_extract|template,required
624,wideField0547,hard-wide,chain-2,path,$.wide.field0547,required|normalize_string|regex_replace|replacement|substring|template,required
625,wideField0548,hard-wide,chain-3,valueExpr,,normalize_string|case_convert|template,
626,wideField0549,hard-wide,chain-4,valueExpr,,normalize_string|case_convert|regex_replace|replacement,
627,wideField0550,hard-wide,chain-5,path,$.wide.field0550,required|normalize_string|case_convert|regex_match|template,required
628,wideField0551,hard-wide,chain-6,path,$.wide.field0551,required|normalize_string|substring|hash|template,required
629,wideField0552,hard-wide,chain-7,valueExpr,,normalize_string|case_convert|regex_replace|replacement|template,
630,wideField0553,hard-wide,chain-0,path,$.wide.field0553,required|normalize_string|case_convert|regex_replace|replacement|template,required
631,wideField0554,hard-wide,chain-1,path,$.wide.field0554,required|normalize_string|case_convert|regex_extract|template,required
632,wideField0555,hard-wide,chain-2,path,$.wide.field0555,required|normalize_string|regex_replace|replacement|substring|template,required
633,wideField0556,hard-wide,chain-3,valueExpr,,normalize_string|case_convert|template,
634,wideField0557,hard-wide,chain-4,valueExpr,,normalize_string|case_convert|regex_replace|replacement,
635,wideField0558,hard-wide,chain-5,path,$.wide.field0558,required|normalize_string|case_convert|regex_match|template,required
636,wideField0559,hard-wide,chain-6,path,$.wide.field0559,required|normalize_string|substring|hash|template,required
637,wideField0560,hard-wide,chain-7,valueExpr,,normalize_string|case_convert|regex_replace|replacement|template,
638,wideField0561,hard-wide,chain-0,path,$.wide.field0561,required|normalize_string|case_convert|regex_replace|replacement|template,required
639,wideField0562,hard-wide,chain-1,path,$.wide.field0562,required|normalize_string|case_convert|regex_extract|template,required
640,wideField0563,hard-wide,chain-2,path,$.wide.field0563,required|normalize_string|regex_replace|replacement|substring|template,required
641,wideField0564,hard-wide,chain-3,valueExpr,,normalize_string|case_convert|template,
642,wideField0565,hard-wide,chain-4,valueExpr,,normalize_string|case_convert|regex_replace|replacement,
643,wideField0566,hard-wide,chain-5,path,$.wide.field0566,required|normalize_string|case_convert|regex_match|template,required
644,wideField0567,hard-wide,chain-6,path,$.wide.field0567,required|normalize_string|substring|hash|template,required
645,wideField0568,hard-wide,chain-7,valueExpr,,normalize_string|case_convert|regex_replace|replacement|template,
646,wideField0569,hard-wide,chain-0,path,$.wide.field0569,required|normalize_string|case_convert|regex_replace|replacement|template,required
647,wideField0570,hard-wide,chain-1,path,$.wide.field0570,required|normalize_string|case_convert|regex_extract|template,required
648,wideField0571,hard-wide,chain-2,path,$.wide.field0571,required|normalize_string|regex_replace|replacement|substring|template,required
649,wideField0572,hard-wide,chain-3,valueExpr,,normalize_string|case_convert|template,
650,wideField0573,hard-wide,chain-4,valueExpr,,normalize_string|case_convert|regex_replace|replacement,
651,wideField0574,hard-wide,chain-5,path,$.wide.field0574,required|normalize_string|case_convert|regex_match|template,required
652,wideField0575,hard-wide,chain-6,path,$.wide.field0575,required|normalize_string|substring|hash|template,required
653,wideField0576,hard-wide,chain-7,valueExpr,,normalize_string|case_convert|regex_replace|replacement|template,
654,wideField0577,hard-wide,chain-0,path,$.wide.field0577,required|normalize_string|case_convert|regex_replace|replacement|template,required
655,wideField0578,hard-wide,chain-1,path,$.wide.field0578,required|normalize_string|case_convert|regex_extract|template,required
656,wideField0579,hard-wide,chain-2,path,$.wide.field0579,required|normalize_string|regex_replace|replacement|substring|template,required
657,wideField0580,hard-wide,chain-3,valueExpr,,normalize_string|case_convert|template,
658,wideField0581,hard-wide,chain-4,valueExpr,,normalize_string|case_convert|regex_replace|replacement,
659,wideField0582,hard-wide,chain-5,path,$.wide.field0582,required|normalize_string|case_convert|regex_match|template,required
660,wideField0583,hard-wide,chain-6,path,$.wide.field0583,required|normalize_string|substring|hash|template,required
661,wideField0584,hard-wide,chain-7,valueExpr,,normalize_string|case_convert|regex_replace|replacement|template,
662,wideField0585,hard-wide,chain-0,path,$.wide.field0585,required|normalize_string|case_convert|regex_replace|replacement|template,required
663,wideField0586,hard-wide,chain-1,path,$.wide.field0586,required|normalize_string|case_convert|regex_extract|template,required
664,wideField0587,hard-wide,chain-2,path,$.wide.field0587,required|normalize_string|regex_replace|replacement|substring|template,required
665,wideField0588,hard-wide,chain-3,valueExpr,,normalize_string|case_convert|template,
666,wideField0589,hard-wide,chain-4,valueExpr,,normalize_string|case_convert|regex_replace|replacement,
667,wideField0590,hard-wide,chain-5,path,$.wide.field0590,required|normalize_string|case_convert|regex_match|template,required
668,wideField0591,hard-wide,chain-6,path,$.wide.field0591,required|normalize_string|substring|hash|template,required
669,wideField0592,hard-wide,chain-7,valueExpr,,normalize_string|case_convert|regex_replace|replacement|template,
670,wideField0593,hard-wide,chain-0,path,$.wide.field0593,required|normalize_string|case_convert|regex_replace|replacement|template,required
671,wideField0594,hard-wide,chain-1,path,$.wide.field0594,required|normalize_string|case_convert|regex_extract|template,required
672,wideField0595,hard-wide,chain-2,path,$.wide.field0595,required|normalize_string|regex_replace|replacement|substring|template,required
673,wideField0596,hard-wide,chain-3,valueExpr,,normalize_string|case_convert|template,
674,wideField0597,hard-wide,chain-4,valueExpr,,normalize_string|case_convert|regex_replace|replacement,
675,wideField0598,hard-wide,chain-5,path,$.wide.field0598,required|normalize_string|case_convert|regex_match|template,required
676,wideField0599,hard-wide,chain-6,path,$.wide.field0599,required|normalize_string|substring|hash|template,required
677,wideField0600,hard-wide,chain-7,valueExpr,,normalize_string|case_convert|regex_replace|replacement|template,
678,wideField0601,hard-wide,chain-0,path,$.wide.field0601,required|normalize_string|case_convert|regex_replace|replacement|template,required
679,wideField0602,hard-wide,chain-1,path,$.wide.field0602,required|normalize_string|case_convert|regex_extract|template,required
680,wideField0603,hard-wide,chain-2,path,$.wide.field0603,required|normalize_string|regex_replace|replacement|substring|template,required
681,wideField0604,hard-wide,chain-3,valueExpr,,normalize_string|case_convert|template,
682,wideField0605,hard-wide,chain-4,valueExpr,,normalize_string|case_convert|regex_replace|replacement,
683,wideField0606,hard-wide,chain-5,path,$.wide.field0606,required|normalize_string|case_convert|regex_match|template,required
684,wideField0607,hard-wide,chain-6,path,$.wide.field0607,required|normalize_string|substring|hash|template,required
685,wideField0608,hard-wide,chain-7,valueExpr,,normalize_string|case_convert|regex_replace|replacement|template,
686,wideField0609,hard-wide,chain-0,path,$.wide.field0609,required|normalize_string|case_convert|regex_replace|replacement|template,required
687,wideField0610,hard-wide,chain-1,path,$.wide.field0610,required|normalize_string|case_convert|regex_extract|template,required
688,wideField0611,hard-wide,chain-2,path,$.wide.field0611,required|normalize_string|regex_replace|replacement|substring|template,required
689,wideField0612,hard-wide,chain-3,valueExpr,,normalize_string|case_convert|template,
690,wideField0613,hard-wide,chain-4,valueExpr,,normalize_string|case_convert|regex_replace|replacement,
691,wideField0614,hard-wide,chain-5,path,$.wide.field0614,required|normalize_string|case_convert|regex_match|template,required
692,wideField0615,hard-wide,chain-6,path,$.wide.field0615,required|normalize_string|substring|hash|template,required
693,wideField0616,hard-wide,chain-7,valueExpr,,normalize_string|case_convert|regex_replace|replacement|template,
694,wideField0617,hard-wide,chain-0,path,$.wide.field0617,required|normalize_string|case_convert|regex_replace|replacement|template,required
695,wideField0618,hard-wide,chain-1,path,$.wide.field0618,required|normalize_string|case_convert|regex_extract|template,required
696,wideField0619,hard-wide,chain-2,path,$.wide.field0619,required|normalize_string|regex_replace|replacement|substring|template,required
697,wideField0620,hard-wide,chain-3,valueExpr,,normalize_string|case_convert|template,
698,wideField0621,hard-wide,chain-4,valueExpr,,normalize_string|case_convert|regex_replace|replacement,
699,wideField0622,hard-wide,chain-5,path,$.wide.field0622,required|normalize_string|case_convert|regex_match|template,required
700,wideField0623,hard-wide,chain-6,path,$.wide.field0623,required|normalize_string|substring|hash|template,required
701,wideField0624,hard-wide,chain-7,valueExpr,,normalize_string|case_convert|regex_replace|replacement|template,
702,wideField0625,hard-wide,chain-0,path,$.wide.field0625,required|normalize_string|case_convert|regex_replace|replacement|template,required
703,wideField0626,hard-wide,chain-1,path,$.wide.field0626,required|normalize_string|case_convert|regex_extract|template,required
704,wideField0627,hard-wide,chain-2,path,$.wide.field0627,required|normalize_string|regex_replace|replacement|substring|template,required
705,wideField0628,hard-wide,chain-3,valueExpr,,normalize_string|case_convert|template,
706,wideField0629,hard-wide,chain-4,valueExpr,,normalize_string|case_convert|regex_replace|replacement,
707,wideField0630,hard-wide,chain-5,path,$.wide.field0630,required|normalize_string|case_convert|regex_match|template,required
708,wideField0631,hard-wide,chain-6,path,$.wide.field0631,required|normalize_string|substring|hash|template,required
709,wideField0632,hard-wide,chain-7,valueExpr,,normalize_string|case_convert|regex_replace|replacement|template,
710,wideField0633,hard-wide,chain-0,path,$.wide.field0633,required|normalize_string|case_convert|regex_replace|replacement|template,required
711,wideField0634,hard-wide,chain-1,path,$.wide.field0634,required|normalize_string|case_convert|regex_extract|template,required
712,wideField0635,hard-wide,chain-2,path,$.wide.field0635,required|normalize_string|regex_replace|replacement|substring|template,required
713,wideField0636,hard-wide,chain-3,valueExpr,,normalize_string|case_convert|template,
714,wideField0637,hard-wide,chain-4,valueExpr,,normalize_string|case_convert|regex_replace|replacement,
715,wideField0638,hard-wide,chain-5,path,$.wide.field0638,required|normalize_string|case_convert|regex_match|template,required
716,wideField0639,hard-wide,chain-6,path,$.wide.field0639,required|normalize_string|substring|hash|template,required
717,wideField0640,hard-wide,chain-7,valueExpr,,normalize_string|case_convert|regex_replace|replacement|template,
718,wideField0641,hard-wide,chain-0,path,$.wide.field0641,required|normalize_string|case_convert|regex_replace|replacement|template,required
719,wideField0642,hard-wide,chain-1,path,$.wide.field0642,required|normalize_string|case_convert|regex_extract|template,required
720,wideField0643,hard-wide,chain-2,path,$.wide.field0643,required|normalize_string|regex_replace|replacement|substring|template,required
721,wideField0644,hard-wide,chain-3,valueExpr,,normalize_string|case_convert|template,
722,wideField0645,hard-wide,chain-4,valueExpr,,normalize_string|case_convert|regex_replace|replacement,
723,wideField0646,hard-wide,chain-5,path,$.wide.field0646,required|normalize_string|case_convert|regex_match|template,required
724,wideField0647,hard-wide,chain-6,path,$.wide.field0647,required|normalize_string|substring|hash|template,required
725,wideField0648,hard-wide,chain-7,valueExpr,,normalize_string|case_convert|regex_replace|replacement|template,
726,wideField0649,hard-wide,chain-0,path,$.wide.field0649,required|normalize_string|case_convert|regex_replace|replacement|template,required
727,wideField0650,hard-wide,chain-1,path,$.wide.field0650,required|normalize_string|case_convert|regex_extract|template,required
728,wideField0651,hard-wide,chain-2,path,$.wide.field0651,required|normalize_string|regex_replace|replacement|substring|template,required
729,wideField0652,hard-wide,chain-3,valueExpr,,normalize_string|case_convert|template,
730,wideField0653,hard-wide,chain-4,valueExpr,,normalize_string|case_convert|regex_replace|replacement,
731,wideField0654,hard-wide,chain-5,path,$.wide.field0654,required|normalize_string|case_convert|regex_match|template,required
732,wideField0655,hard-wide,chain-6,path,$.wide.field0655,required|normalize_string|substring|hash|template,required
733,wideField0656,hard-wide,chain-7,valueExpr,,normalize_string|case_convert|regex_replace|replacement|template,
734,wideField0657,hard-wide,chain-0,path,$.wide.field0657,required|normalize_string|case_convert|regex_replace|replacement|template,required
735,wideField0658,hard-wide,chain-1,path,$.wide.field0658,required|normalize_string|case_convert|regex_extract|template,required
736,wideField0659,hard-wide,chain-2,path,$.wide.field0659,required|normalize_string|regex_replace|replacement|substring|template,required
737,wideField0660,hard-wide,chain-3,valueExpr,,normalize_string|case_convert|template,
738,wideField0661,hard-wide,chain-4,valueExpr,,normalize_string|case_convert|regex_replace|replacement,
739,wideField0662,hard-wide,chain-5,path,$.wide.field0662,required|normalize_string|case_convert|regex_match|template,required
740,wideField0663,hard-wide,chain-6,path,$.wide.field0663,required|normalize_string|substring|hash|template,required
741,wideField0664,hard-wide,chain-7,valueExpr,,normalize_string|case_convert|regex_replace|replacement|template,
742,wideField0665,hard-wide,chain-0,path,$.wide.field0665,required|normalize_string|case_convert|regex_replace|replacement|template,required
743,wideField0666,hard-wide,chain-1,path,$.wide.field0666,required|normalize_string|case_convert|regex_extract|template,required
744,wideField0667,hard-wide,chain-2,path,$.wide.field0667,required|normalize_string|regex_replace|replacement|substring|template,required
745,wideField0668,hard-wide,chain-3,valueExpr,,normalize_string|case_convert|template,
746,wideField0669,hard-wide,chain-4,valueExpr,,normalize_string|case_convert|regex_replace|replacement,
747,wideField0670,hard-wide,chain-5,path,$.wide.field0670,required|normalize_string|case_convert|regex_match|template,required
748,wideField0671,hard-wide,chain-6,path,$.wide.field0671,required|normalize_string|substring|hash|template,required
749,wideField0672,hard-wide,chain-7,valueExpr,,normalize_string|case_convert|regex_replace|replacement|template,
750,wideField0673,hard-wide,chain-0,path,$.wide.field0673,required|normalize_string|case_convert|regex_replace|replacement|template,required
751,wideField0674,hard-wide,chain-1,path,$.wide.field0674,required|normalize_string|case_convert|regex_extract|template,required
752,wideField0675,hard-wide,chain-2,path,$.wide.field0675,required|normalize_string|regex_replace|replacement|substring|template,required
753,wideField0676,hard-wide,chain-3,valueExpr,,normalize_string|case_convert|template,
754,wideField0677,hard-wide,chain-4,valueExpr,,normalize_string|case_convert|regex_replace|replacement,
755,wideField0678,hard-wide,chain-5,path,$.wide.field0678,required|normalize_string|case_convert|regex_match|template,required
756,wideField0679,hard-wide,chain-6,path,$.wide.field0679,required|normalize_string|substring|hash|template,required
757,wideField0680,hard-wide,chain-7,valueExpr,,normalize_string|case_convert|regex_replace|replacement|template,
758,wideField0681,hard-wide,chain-0,path,$.wide.field0681,required|normalize_string|case_convert|regex_replace|replacement|template,required
759,wideField0682,hard-wide,chain-1,path,$.wide.field0682,required|normalize_string|case_convert|regex_extract|template,required
760,wideField0683,hard-wide,chain-2,path,$.wide.field0683,required|normalize_string|regex_replace|replacement|substring|template,required
761,wideField0684,hard-wide,chain-3,valueExpr,,normalize_string|case_convert|template,
762,wideField0685,hard-wide,chain-4,valueExpr,,normalize_string|case_convert|regex_replace|replacement,
763,wideField0686,hard-wide,chain-5,path,$.wide.field0686,required|normalize_string|case_convert|regex_match|template,required
764,wideField0687,hard-wide,chain-6,path,$.wide.field0687,required|normalize_string|substring|hash|template,required
765,wideField0688,hard-wide,chain-7,valueExpr,,normalize_string|case_convert|regex_replace|replacement|template,
766,wideField0689,hard-wide,chain-0,path,$.wide.field0689,required|normalize_string|case_convert|regex_replace|replacement|template,required
767,wideField0690,hard-wide,chain-1,path,$.wide.field0690,required|normalize_string|case_convert|regex_extract|template,required
768,wideField0691,hard-wide,chain-2,path,$.wide.field0691,required|normalize_string|regex_replace|replacement|substring|template,required
769,wideField0692,hard-wide,chain-3,valueExpr,,normalize_string|case_convert|template,
770,wideField0693,hard-wide,chain-4,valueExpr,,normalize_string|case_convert|regex_replace|replacement,
771,wideField0694,hard-wide,chain-5,path,$.wide.field0694,required|normalize_string|case_convert|regex_match|template,required
772,wideField0695,hard-wide,chain-6,path,$.wide.field0695,required|normalize_string|substring|hash|template,required
773,wideField0696,hard-wide,chain-7,valueExpr,,normalize_string|case_convert|regex_replace|replacement|template,
774,wideField0697,hard-wide,chain-0,path,$.wide.field0697,required|normalize_string|case_convert|regex_replace|replacement|template,required
775,wideField0698,hard-wide,chain-1,path,$.wide.field0698,required|normalize_string|case_convert|regex_extract|template,required
776,wideField0699,hard-wide,chain-2,path,$.wide.field0699,required|normalize_string|regex_replace|replacement|substring|template,required
777,wideField0700,hard-wide,chain-3,valueExpr,,normalize_string|case_convert|template,
778,wideField0701,hard-wide,chain-4,valueExpr,,normalize_string|case_convert|regex_replace|replacement,
779,wideField0702,hard-wide,chain-5,path,$.wide.field0702,required|normalize_string|case_convert|regex_match|template,required
780,wideField0703,hard-wide,chain-6,path,$.wide.field0703,required|normalize_string|substring|hash|template,required
781,wideField0704,hard-wide,chain-7,valueExpr,,normalize_string|case_convert|regex_replace|replacement|template,
782,wideField0705,hard-wide,chain-0,path,$.wide.field0705,required|normalize_string|case_convert|regex_replace|replacement|template,required
783,wideField0706,hard-wide,chain-1,path,$.wide.field0706,required|normalize_string|case_convert|regex_extract|template,required
784,wideField0707,hard-wide,chain-2,path,$.wide.field0707,required|normalize_string|regex_replace|replacement|substring|template,required
785,wideField0708,hard-wide,chain-3,valueExpr,,normalize_string|case_convert|template,
786,wideField0709,hard-wide,chain-4,valueExpr,,normalize_string|case_convert|regex_replace|replacement,
787,wideField0710,hard-wide,chain-5,path,$.wide.field0710,required|normalize_string|case_convert|regex_match|template,required
788,wideField0711,hard-wide,chain-6,path,$.wide.field0711,required|normalize_string|substring|hash|template,required
789,wideField0712,hard-wide,chain-7,valueExpr,,normalize_string|case_convert|regex_replace|replacement|template,
790,wideField0713,hard-wide,chain-0,path,$.wide.field0713,required|normalize_string|case_convert|regex_replace|replacement|template,required
791,wideField0714,hard-wide,chain-1,path,$.wide.field0714,required|normalize_string|case_convert|regex_extract|template,required
792,wideField0715,hard-wide,chain-2,path,$.wide.field0715,required|normalize_string|regex_replace|replacement|substring|template,required
793,wideField0716,hard-wide,chain-3,valueExpr,,normalize_string|case_convert|template,
794,wideField0717,hard-wide,chain-4,valueExpr,,normalize_string|case_convert|regex_replace|replacement,
795,wideField0718,hard-wide,chain-5,path,$.wide.field0718,required|normalize_string|case_convert|regex_match|template,required
796,wideField0719,hard-wide,chain-6,path,$.wide.field0719,required|normalize_string|substring|hash|template,required
797,wideField0720,hard-wide,chain-7,valueExpr,,normalize_string|case_convert|regex_replace|replacement|template,
798,wideField0721,hard-wide,chain-0,path,$.wide.field0721,required|normalize_string|case_convert|regex_replace|replacement|template,required
799,wideField0722,hard-wide,chain-1,path,$.wide.field0722,required|normalize_string|case_convert|regex_extract|template,required
800,wideField0723,hard-wide,chain-2,path,$.wide.field0723,required|normalize_string|regex_replace|replacement|substring|template,required
801,wideField0724,hard-wide,chain-3,valueExpr,,normalize_string|case_convert|template,
802,wideField0725,hard-wide,chain-4,valueExpr,,normalize_string|case_convert|regex_replace|replacement,
803,wideField0726,hard-wide,chain-5,path,$.wide.field0726,required|normalize_string|case_convert|regex_match|template,required
804,wideField0727,hard-wide,chain-6,path,$.wide.field0727,required|normalize_string|substring|hash|template,required
805,wideField0728,hard-wide,chain-7,valueExpr,,normalize_string|case_convert|regex_replace|replacement|template,
806,wideField0729,hard-wide,chain-0,path,$.wide.field0729,required|normalize_string|case_convert|regex_replace|replacement|template,required
807,wideField0730,hard-wide,chain-1,path,$.wide.field0730,required|normalize_string|case_convert|regex_extract|template,required
808,wideField0731,hard-wide,chain-2,path,$.wide.field0731,required|normalize_string|regex_replace|replacement|substring|template,required
809,wideField0732,hard-wide,chain-3,valueExpr,,normalize_string|case_convert|template,
810,wideField0733,hard-wide,chain-4,valueExpr,,normalize_string|case_convert|regex_replace|replacement,
811,wideField0734,hard-wide,chain-5,path,$.wide.field0734,required|normalize_string|case_convert|regex_match|template,required
812,wideField0735,hard-wide,chain-6,path,$.wide.field0735,required|normalize_string|substring|hash|template,required
813,wideField0736,hard-wide,chain-7,valueExpr,,normalize_string|case_convert|regex_replace|replacement|template,
814,wideField0737,hard-wide,chain-0,path,$.wide.field0737,required|normalize_string|case_convert|regex_replace|replacement|template,required
815,wideField0738,hard-wide,chain-1,path,$.wide.field0738,required|normalize_string|case_convert|regex_extract|template,required
816,wideField0739,hard-wide,chain-2,path,$.wide.field0739,required|normalize_string|regex_replace|replacement|substring|template,required
817,wideField0740,hard-wide,chain-3,valueExpr,,normalize_string|case_convert|template,
818,wideField0741,hard-wide,chain-4,valueExpr,,normalize_string|case_convert|regex_replace|replacement,
819,wideField0742,hard-wide,chain-5,path,$.wide.field0742,required|normalize_string|case_convert|regex_match|template,required
820,wideField0743,hard-wide,chain-6,path,$.wide.field0743,required|normalize_string|substring|hash|template,required
821,wideField0744,hard-wide,chain-7,valueExpr,,normalize_string|case_convert|regex_replace|replacement|template,
822,wideField0745,hard-wide,chain-0,path,$.wide.field0745,required|normalize_string|case_convert|regex_replace|replacement|template,required
823,wideField0746,hard-wide,chain-1,path,$.wide.field0746,required|normalize_string|case_convert|regex_extract|template,required
824,wideField0747,hard-wide,chain-2,path,$.wide.field0747,required|normalize_string|regex_replace|replacement|substring|template,required
825,wideField0748,hard-wide,chain-3,valueExpr,,normalize_string|case_convert|template,
826,wideField0749,hard-wide,chain-4,valueExpr,,normalize_string|case_convert|regex_replace|replacement,
827,wideField0750,hard-wide,chain-5,path,$.wide.field0750,required|normalize_string|case_convert|regex_match|template,required
828,wideField0751,hard-wide,chain-6,path,$.wide.field0751,required|normalize_string|substring|hash|template,required
829,wideField0752,hard-wide,chain-7,valueExpr,,normalize_string|case_convert|regex_replace|replacement|template,
830,wideField0753,hard-wide,chain-0,path,$.wide.field0753,required|normalize_string|case_convert|regex_replace|replacement|template,required
831,wideField0754,hard-wide,chain-1,path,$.wide.field0754,required|normalize_string|case_convert|regex_extract|template,required
832,wideField0755,hard-wide,chain-2,path,$.wide.field0755,required|normalize_string|regex_replace|replacement|substring|template,required
833,wideField0756,hard-wide,chain-3,valueExpr,,normalize_string|case_convert|template,
834,wideField0757,hard-wide,chain-4,valueExpr,,normalize_string|case_convert|regex_replace|replacement,
835,wideField0758,hard-wide,chain-5,path,$.wide.field0758,required|normalize_string|case_convert|regex_match|template,required
836,wideField0759,hard-wide,chain-6,path,$.wide.field0759,required|normalize_string|substring|hash|template,required
837,wideField0760,hard-wide,chain-7,valueExpr,,normalize_string|case_convert|regex_replace|replacement|template,
838,wideField0761,hard-wide,chain-0,path,$.wide.field0761,required|normalize_string|case_convert|regex_replace|replacement|template,required
839,wideField0762,hard-wide,chain-1,path,$.wide.field0762,required|normalize_string|case_convert|regex_extract|template,required
840,wideField0763,hard-wide,chain-2,path,$.wide.field0763,required|normalize_string|regex_replace|replacement|substring|template,required
841,wideField0764,hard-wide,chain-3,valueExpr,,normalize_string|case_convert|template,
842,wideField0765,hard-wide,chain-4,valueExpr,,normalize_string|case_convert|regex_replace|replacement,
843,wideField0766,hard-wide,chain-5,path,$.wide.field0766,required|normalize_string|case_convert|regex_match|template,required
844,wideField0767,hard-wide,chain-6,path,$.wide.field0767,required|normalize_string|substring|hash|template,required
845,wideField0768,hard-wide,chain-7,valueExpr,,normalize_string|case_convert|regex_replace|replacement|template,
846,wideField0769,hard-wide,chain-0,path,$.wide.field0769,required|normalize_string|case_convert|regex_replace|replacement|template,required
847,wideField0770,hard-wide,chain-1,path,$.wide.field0770,required|normalize_string|case_convert|regex_extract|template,required
848,wideField0771,hard-wide,chain-2,path,$.wide.field0771,required|normalize_string|regex_replace|replacement|substring|template,required
849,wideField0772,hard-wide,chain-3,valueExpr,,normalize_string|case_convert|template,
850,wideField0773,hard-wide,chain-4,valueExpr,,normalize_string|case_convert|regex_replace|replacement,
851,wideField0774,hard-wide,chain-5,path,$.wide.field0774,required|normalize_string|case_convert|regex_match|template,required
852,wideField0775,hard-wide,chain-6,path,$.wide.field0775,required|normalize_string|substring|hash|template,required
853,wideField0776,hard-wide,chain-7,valueExpr,,normalize_string|case_convert|regex_replace|replacement|template,
854,wideField0777,hard-wide,chain-0,path,$.wide.field0777,required|normalize_string|case_convert|regex_replace|replacement|template,required
855,wideField0778,hard-wide,chain-1,path,$.wide.field0778,required|normalize_string|case_convert|regex_extract|template,required
856,wideField0779,hard-wide,chain-2,path,$.wide.field0779,required|normalize_string|regex_replace|replacement|substring|template,required
857,wideField0780,hard-wide,chain-3,valueExpr,,normalize_string|case_convert|template,
858,wideField0781,hard-wide,chain-4,valueExpr,,normalize_string|case_convert|regex_replace|replacement,
859,wideField0782,hard-wide,chain-5,path,$.wide.field0782,required|normalize_string|case_convert|regex_match|template,required
860,wideField0783,hard-wide,chain-6,path,$.wide.field0783,required|normalize_string|substring|hash|template,required
861,wideField0784,hard-wide,chain-7,valueExpr,,normalize_string|case_convert|regex_replace|replacement|template,
862,wideField0785,hard-wide,chain-0,path,$.wide.field0785,required|normalize_string|case_convert|regex_replace|replacement|template,required
863,wideField0786,hard-wide,chain-1,path,$.wide.field0786,required|normalize_string|case_convert|regex_extract|template,required
864,wideField0787,hard-wide,chain-2,path,$.wide.field0787,required|normalize_string|regex_replace|replacement|substring|template,required
865,wideField0788,hard-wide,chain-3,valueExpr,,normalize_string|case_convert|template,
866,wideField0789,hard-wide,chain-4,valueExpr,,normalize_string|case_convert|regex_replace|replacement,
867,wideField0790,hard-wide,chain-5,path,$.wide.field0790,required|normalize_string|case_convert|regex_match|template,required
868,wideField0791,hard-wide,chain-6,path,$.wide.field0791,required|normalize_string|substring|hash|template,required
869,wideField0792,hard-wide,chain-7,valueExpr,,normalize_string|case_convert|regex_replace|replacement|template,
870,wideField0793,hard-wide,chain-0,path,$.wide.field0793,required|normalize_string|case_convert|regex_replace|replacement|template,required
871,wideField0794,hard-wide,chain-1,path,$.wide.field0794,required|normalize_string|case_convert|regex_extract|template,required
872,wideField0795,hard-wide,chain-2,path,$.wide.field0795,required|normalize_string|regex_replace|replacement|substring|template,required
873,wideField0796,hard-wide,chain-3,valueExpr,,normalize_string|case_convert|template,
874,wideField0797,hard-wide,chain-4,valueExpr,,normalize_string|case_convert|regex_replace|replacement,
875,wideField0798,hard-wide,chain-5,path,$.wide.field0798,required|normalize_string|case_convert|regex_match|template,required
876,wideField0799,hard-wide,chain-6,path,$.wide.field0799,required|normalize_string|substring|hash|template,required
877,wideField0800,hard-wide,chain-7,valueExpr,,normalize_string|case_convert|regex_replace|replacement|template,
878,wideField0801,hard-wide,chain-0,path,$.wide.field0801,required|normalize_string|case_convert|regex_replace|replacement|template,required
879,wideField0802,hard-wide,chain-1,path,$.wide.field0802,required|normalize_string|case_convert|regex_extract|template,required
880,wideField0803,hard-wide,chain-2,path,$.wide.field0803,required|normalize_string|regex_replace|replacement|substring|template,required
881,wideField0804,hard-wide,chain-3,valueExpr,,normalize_string|case_convert|template,
882,wideField0805,hard-wide,chain-4,valueExpr,,normalize_string|case_convert|regex_replace|replacement,
883,wideField0806,hard-wide,chain-5,path,$.wide.field0806,required|normalize_string|case_convert|regex_match|template,required
884,wideField0807,hard-wide,chain-6,path,$.wide.field0807,required|normalize_string|substring|hash|template,required
885,wideField0808,hard-wide,chain-7,valueExpr,,normalize_string|case_convert|regex_replace|replacement|template,
886,wideField0809,hard-wide,chain-0,path,$.wide.field0809,required|normalize_string|case_convert|regex_replace|replacement|template,required
887,wideField0810,hard-wide,chain-1,path,$.wide.field0810,required|normalize_string|case_convert|regex_extract|template,required
888,wideField0811,hard-wide,chain-2,path,$.wide.field0811,required|normalize_string|regex_replace|replacement|substring|template,required
889,wideField0812,hard-wide,chain-3,valueExpr,,normalize_string|case_convert|template,
890,wideField0813,hard-wide,chain-4,valueExpr,,normalize_string|case_convert|regex_replace|replacement,
891,wideField0814,hard-wide,chain-5,path,$.wide.field0814,required|normalize_string|case_convert|regex_match|template,required
892,wideField0815,hard-wide,chain-6,path,$.wide.field0815,required|normalize_string|substring|hash|template,required
893,wideField0816,hard-wide,chain-7,valueExpr,,normalize_string|case_convert|regex_replace|replacement|template,
894,wideField0817,hard-wide,chain-0,path,$.wide.field0817,required|normalize_string|case_convert|regex_replace|replacement|template,required
895,wideField0818,hard-wide,chain-1,path,$.wide.field0818,required|normalize_string|case_convert|regex_extract|template,required
896,wideField0819,hard-wide,chain-2,path,$.wide.field0819,required|normalize_string|regex_replace|replacement|substring|template,required
897,wideField0820,hard-wide,chain-3,valueExpr,,normalize_string|case_convert|template,
898,wideField0821,hard-wide,chain-4,valueExpr,,normalize_string|case_convert|regex_replace|replacement,
899,wideField0822,hard-wide,chain-5,path,$.wide.field0822,required|normalize_string|case_convert|regex_match|template,required
900,wideField0823,hard-wide,chain-6,path,$.wide.field0823,required|normalize_string|substring|hash|template,required
901,wideField0824,hard-wide,chain-7,valueExpr,,normalize_string|case_convert|regex_replace|replacement|template,
902,wideField0825,hard-wide,chain-0,path,$.wide.field0825,required|normalize_string|case_convert|regex_replace|replacement|template,required
903,wideField0826,hard-wide,chain-1,path,$.wide.field0826,required|normalize_string|case_convert|regex_extract|template,required
904,wideField0827,hard-wide,chain-2,path,$.wide.field0827,required|normalize_string|regex_replace|replacement|substring|template,required
905,wideField0828,hard-wide,chain-3,valueExpr,,normalize_string|case_convert|template,
906,wideField0829,hard-wide,chain-4,valueExpr,,normalize_string|case_convert|regex_replace|replacement,
907,wideField0830,hard-wide,chain-5,path,$.wide.field0830,required|normalize_string|case_convert|regex_match|template,required
908,wideField0831,hard-wide,chain-6,path,$.wide.field0831,required|normalize_string|substring|hash|template,required
909,wideField0832,hard-wide,chain-7,valueExpr,,normalize_string|case_convert|regex_replace|replacement|template,
910,wideField0833,hard-wide,chain-0,path,$.wide.field0833,required|normalize_string|case_convert|regex_replace|replacement|template,required
911,wideField0834,hard-wide,chain-1,path,$.wide.field0834,required|normalize_string|case_convert|regex_extract|template,required
912,wideField0835,hard-wide,chain-2,path,$.wide.field0835,required|normalize_string|regex_replace|replacement|substring|template,required
913,wideField0836,hard-wide,chain-3,valueExpr,,normalize_string|case_convert|template,
914,wideField0837,hard-wide,chain-4,valueExpr,,normalize_string|case_convert|regex_replace|replacement,
915,wideField0838,hard-wide,chain-5,path,$.wide.field0838,required|normalize_string|case_convert|regex_match|template,required
916,wideField0839,hard-wide,chain-6,path,$.wide.field0839,required|normalize_string|substring|hash|template,required
917,wideField0840,hard-wide,chain-7,valueExpr,,normalize_string|case_convert|regex_replace|replacement|template,
918,wideField0841,hard-wide,chain-0,path,$.wide.field0841,required|normalize_string|case_convert|regex_replace|replacement|template,required
919,wideField0842,hard-wide,chain-1,path,$.wide.field0842,required|normalize_string|case_convert|regex_extract|template,required
920,wideField0843,hard-wide,chain-2,path,$.wide.field0843,required|normalize_string|regex_replace|replacement|substring|template,required
921,wideField0844,hard-wide,chain-3,valueExpr,,normalize_string|case_convert|template,
922,wideField0845,hard-wide,chain-4,valueExpr,,normalize_string|case_convert|regex_replace|replacement,
923,wideField0846,hard-wide,chain-5,path,$.wide.field0846,required|normalize_string|case_convert|regex_match|template,required
924,wideField0847,hard-wide,chain-6,path,$.wide.field0847,required|normalize_string|substring|hash|template,required
925,wideField0848,hard-wide,chain-7,valueExpr,,normalize_string|case_convert|regex_replace|replacement|template,
926,wideField0849,hard-wide,chain-0,path,$.wide.field0849,required|normalize_string|case_convert|regex_replace|replacement|template,required
927,wideField0850,hard-wide,chain-1,path,$.wide.field0850,required|normalize_string|case_convert|regex_extract|template,required
928,wideField0851,hard-wide,chain-2,path,$.wide.field0851,required|normalize_string|regex_replace|replacement|substring|template,required
929,wideField0852,hard-wide,chain-3,valueExpr,,normalize_string|case_convert|template,
930,wideField0853,hard-wide,chain-4,valueExpr,,normalize_string|case_convert|regex_replace|replacement,
931,wideField0854,hard-wide,chain-5,path,$.wide.field0854,required|normalize_string|case_convert|regex_match|template,required
932,wideField0855,hard-wide,chain-6,path,$.wide.field0855,required|normalize_string|substring|hash|template,required
933,wideField0856,hard-wide,chain-7,valueExpr,,normalize_string|case_convert|regex_replace|replacement|template,
934,wideField0857,hard-wide,chain-0,path,$.wide.field0857,required|normalize_string|case_convert|regex_replace|replacement|template,required
935,wideField0858,hard-wide,chain-1,path,$.wide.field0858,required|normalize_string|case_convert|regex_extract|template,required
936,wideField0859,hard-wide,chain-2,path,$.wide.field0859,required|normalize_string|regex_replace|replacement|substring|template,required
937,wideField0860,hard-wide,chain-3,valueExpr,,normalize_string|case_convert|template,
938,wideField0861,hard-wide,chain-4,valueExpr,,normalize_string|case_convert|regex_replace|replacement,
939,wideField0862,hard-wide,chain-5,path,$.wide.field0862,required|normalize_string|case_convert|regex_match|template,required
940,wideField0863,hard-wide,chain-6,path,$.wide.field0863,required|normalize_string|substring|hash|template,required
941,wideField0864,hard-wide,chain-7,valueExpr,,normalize_string|case_convert|regex_replace|replacement|template,
942,wideField0865,hard-wide,chain-0,path,$.wide.field0865,required|normalize_string|case_convert|regex_replace|replacement|template,required
943,wideField0866,hard-wide,chain-1,path,$.wide.field0866,required|normalize_string|case_convert|regex_extract|template,required
944,wideField0867,hard-wide,chain-2,path,$.wide.field0867,required|normalize_string|regex_replace|replacement|substring|template,required
945,wideField0868,hard-wide,chain-3,valueExpr,,normalize_string|case_convert|template,
946,wideField0869,hard-wide,chain-4,valueExpr,,normalize_string|case_convert|regex_replace|replacement,
947,wideField0870,hard-wide,chain-5,path,$.wide.field0870,required|normalize_string|case_convert|regex_match|template,required
948,wideField0871,hard-wide,chain-6,path,$.wide.field0871,required|normalize_string|substring|hash|template,required
949,wideField0872,hard-wide,chain-7,valueExpr,,normalize_string|case_convert|regex_replace|replacement|template,
950,wideField0873,hard-wide,chain-0,path,$.wide.field0873,required|normalize_string|case_convert|regex_replace|replacement|template,required
951,wideField0874,hard-wide,chain-1,path,$.wide.field0874,required|normalize_string|case_convert|regex_extract|template,required
952,wideField0875,hard-wide,chain-2,path,$.wide.field0875,required|normalize_string|regex_replace|replacement|substring|template,required
953,wideField0876,hard-wide,chain-3,valueExpr,,normalize_string|case_convert|template,
954,wideField0877,hard-wide,chain-4,valueExpr,,normalize_string|case_convert|regex_replace|replacement,
955,wideField0878,hard-wide,chain-5,path,$.wide.field0878,required|normalize_string|case_convert|regex_match|template,required
956,wideField0879,hard-wide,chain-6,path,$.wide.field0879,required|normalize_string|substring|hash|template,required
957,wideField0880,hard-wide,chain-7,valueExpr,,normalize_string|case_convert|regex_replace|replacement|template,
958,wideField0881,hard-wide,chain-0,path,$.wide.field0881,required|normalize_string|case_convert|regex_replace|replacement|template,required
959,wideField0882,hard-wide,chain-1,path,$.wide.field0882,required|normalize_string|case_convert|regex_extract|template,required
960,wideField0883,hard-wide,chain-2,path,$.wide.field0883,required|normalize_string|regex_replace|replacement|substring|template,required
961,wideField0884,hard-wide,chain-3,valueExpr,,normalize_string|case_convert|template,
962,wideField0885,hard-wide,chain-4,valueExpr,,normalize_string|case_convert|regex_replace|replacement,
963,wideField0886,hard-wide,chain-5,path,$.wide.field0886,required|normalize_string|case_convert|regex_match|template,required
964,wideField0887,hard-wide,chain-6,path,$.wide.field0887,required|normalize_string|substring|hash|template,required
965,wideField0888,hard-wide,chain-7,valueExpr,,normalize_string|case_convert|regex_replace|replacement|template,
966,wideField0889,hard-wide,chain-0,path,$.wide.field0889,required|normalize_string|case_convert|regex_replace|replacement|template,required
967,wideField0890,hard-wide,chain-1,path,$.wide.field0890,required|normalize_string|case_convert|regex_extract|template,required
968,wideField0891,hard-wide,chain-2,path,$.wide.field0891,required|normalize_string|regex_replace|replacement|substring|template,required
969,wideField0892,hard-wide,chain-3,valueExpr,,normalize_string|case_convert|template,
970,wideField0893,hard-wide,chain-4,valueExpr,,normalize_string|case_convert|regex_replace|replacement,
971,wideField0894,hard-wide,chain-5,path,$.wide.field0894,required|normalize_string|case_convert|regex_match|template,required
972,wideField0895,hard-wide,chain-6,path,$.wide.field0895,required|normalize_string|substring|hash|template,required
973,wideField0896,hard-wide,chain-7,valueExpr,,normalize_string|case_convert|regex_replace|replacement|template,
974,wideField0897,hard-wide,chain-0,path,$.wide.field0897,required|normalize_string|case_convert|regex_replace|replacement|template,required
975,wideField0898,hard-wide,chain-1,path,$.wide.field0898,required|normalize_string|case_convert|regex_extract|template,required
976,wideField0899,hard-wide,chain-2,path,$.wide.field0899,required|normalize_string|regex_replace|replacement|substring|template,required
977,wideField0900,hard-wide,chain-3,valueExpr,,normalize_string|case_convert|template,
978,wideField0901,hard-wide,chain-4,valueExpr,,normalize_string|case_convert|regex_replace|replacement,
979,wideField0902,hard-wide,chain-5,path,$.wide.field0902,required|normalize_string|case_convert|regex_match|template,required
980,wideField0903,hard-wide,chain-6,path,$.wide.field0903,required|normalize_string|substring|hash|template,required
981,wideField0904,hard-wide,chain-7,valueExpr,,normalize_string|case_convert|regex_replace|replacement|template,
982,wideField0905,hard-wide,chain-0,path,$.wide.field0905,required|normalize_string|case_convert|regex_replace|replacement|template,required
983,wideField0906,hard-wide,chain-1,path,$.wide.field0906,required|normalize_string|case_convert|regex_extract|template,required
984,wideField0907,hard-wide,chain-2,path,$.wide.field0907,required|normalize_string|regex_replace|replacement|substring|template,required
985,wideField0908,hard-wide,chain-3,valueExpr,,normalize_string|case_convert|template,
986,wideField0909,hard-wide,chain-4,valueExpr,,normalize_string|case_convert|regex_replace|replacement,
987,wideField0910,hard-wide,chain-5,path,$.wide.field0910,required|normalize_string|case_convert|regex_match|template,required
988,wideField0911,hard-wide,chain-6,path,$.wide.field0911,required|normalize_string|substring|hash|template,required
989,wideField0912,hard-wide,chain-7,valueExpr,,normalize_string|case_convert|regex_replace|replacement|template,
990,wideField0913,hard-wide,chain-0,path,$.wide.field0913,required|normalize_string|case_convert|regex_replace|replacement|template,required
991,wideField0914,hard-wide,chain-1,path,$.wide.field0914,required|normalize_string|case_convert|regex_extract|template,required
992,wideField0915,hard-wide,chain-2,path,$.wide.field0915,required|normalize_string|regex_replace|replacement|substring|template,required
993,wideField0916,hard-wide,chain-3,valueExpr,,normalize_string|case_convert|template,
994,wideField0917,hard-wide,chain-4,valueExpr,,normalize_string|case_convert|regex_replace|replacement,
995,wideField0918,hard-wide,chain-5,path,$.wide.field0918,required|normalize_string|case_convert|regex_match|template,required
996,wideField0919,hard-wide,chain-6,path,$.wide.field0919,required|normalize_string|substring|hash|template,required
997,wideField0920,hard-wide,chain-7,valueExpr,,normalize_string|case_convert|regex_replace|replacement|template,
998,wideField0921,hard-wide,chain-0,path,$.wide.field0921,required|normalize_string|case_convert|regex_replace|replacement|template,required
999,wideField0922,hard-wide,chain-1,path,$.wide.field0922,required|normalize_string|case_convert|regex_extract|template,required
1000,wideField0923,hard-wide,chain-2,path,$.wide.field0923,required|normalize_string|regex_replace|replacement|substring|template,required
